trans_id,trans_date,trans_amt,cust_id,product_id
d79073e1-2a52-4972-af41-35d6e4fa9c07,2024-08-15,521.6,17f39078-a52b-439f-a075-dc18834d6b70,5b2afcf3-9c07-4516-bc91-911c82f36f21
8ae9166a-998b-4c07-b570-1db8c687c7b4,2024-09-14,536.99,f528d2dd-4e9c-4e42-ba64-e917c254bb66,0a9da1c0-3bf0-4c57-9cbb-8e02244b9d90
24829e1b-6cb3-409d-8c0e-2fc447b7ff78,2024-12-01,958.92,6cda44d1-8718-4fd5-934c-dd3204cf60eb,8d68dee0-0523-4833-80ee-d6850737ac1c
b108d9fb-0e23-4a68-97fd-6c7e68848246,2025-02-18,606.18,f4d4c771-394f-41d7-b500-538cc2c4c8ba,0e811d3e-23a3-4eb1-89fa-baf453e8c264
40e9092f-ed50-4b45-86aa-2bb9d7988acb,2024-06-12,211.85,da5d8214-8da1-4f7e-a811-deb0385a23f9,e5922a07-f76a-44f3-878b-b143c0d11cd0
74586579-67df-4568-9bbe-1558e42dda51,2024-03-27,159.27,1f25bf8b-31d9-4fb7-86a5-8e580d97b00f,13ebe60b-531e-4242-9218-cc2ff7323164
4474b52d-2bbf-479b-9daa-3e58d1398c3a,2024-10-18,94.0,f72b8636-84e9-4234-9a03-ade6bf6903d0,513c4e36-3c72-4ed2-b95f-b5248ad44722
d39915e2-b882-4f92-8af2-18112d689e4b,2024-10-10,830.68,5ae58635-df6b-4343-8192-ad63a377bf44,db0e3792-01af-4e7a-8249-14d044ee9b2b
cde126d7-29c7-4f68-a69f-70c1584acabf,2025-01-18,417.41,dc91beba-5f12-4a6e-84e3-cd6f07fb9512,3a8ce285-c9f6-47e3-a50d-e7ac6e50a130
ecefec3d-b096-4a89-9dca-1614d180d15f,2025-02-13,505.12,e0af3481-efa8-4845-9fa8-4ddd58deec86,6b4d603a-2796-498e-bf13-72c6a84e24f8
3efdafb9-f322-471d-90f2-572fff39d2ae,2025-02-22,460.9,7f7c10e5-27d3-4593-a48c-1efe3066bce2,0e811d3e-23a3-4eb1-89fa-baf453e8c264
c11668c3-dba8-410b-a89d-57e077248446,2024-04-15,722.99,5fe91243-a8af-4f95-a01e-1b55872dd588,8d13d1bc-2ea1-475d-8beb-4310ebd74ef1
0a8f0d6c-bf73-4976-83bb-ca517d142754,2024-04-18,211.77,94585177-4239-42cc-a484-0943a35b559f,c4c2c27c-31bc-4e89-b700-5e7d5044a278
9cb1d5d8-0452-4c26-9161-dd7ed28efb57,2024-03-31,830.75,0b62a5ed-fe00-4f94-aacc-1fdacabf0059,d159c3af-6aee-4237-87ed-79cd72c2ddea
ae88b329-9cac-4643-82ab-d3d77a6aaf6a,2024-07-07,363.47,ef09289c-cdfb-41ad-aa6a-5716a1b9e962,56131363-61ec-43a7-9d02-3f8451d8f954
5e17cd2e-1036-4dcc-a852-0c3d4fc3ce8b,2024-07-20,349.16,5040ce6c-433f-49b3-84b4-68e1bb7c4f84,db0e3792-01af-4e7a-8249-14d044ee9b2b
220f7983-60f5-446b-b50e-8f1b26c11660,2024-03-08,780.94,0ac10ec8-9984-4524-ac82-66d4d48705af,0f280cf2-138b-4c35-9bd6-b428184b7472
b3466728-f0ce-4b56-bfe4-34f631b94fed,2024-12-26,53.03,435d085e-4104-4c31-9e1a-06c79a14cd46,fb1ba1bf-ba9c-4387-84e6-c5f131df222e
9505d471-1af8-431e-a82a-30460fe87369,2024-06-11,963.1,3fe18da1-31e6-421f-96bd-bdf0d9e7270c,a7d023a0-22e7-4f0f-a5fb-294bfbe8e3fd
e2cb2381-5369-4c79-a042-f18d8688d507,2024-06-12,492.35,d04f47f3-fb66-4dec-a98b-8933dc19f407,56131363-61ec-43a7-9d02-3f8451d8f954
6a3a0719-8af9-4ea5-bf18-5fe825aa49ed,2024-03-29,566.97,2957de21-41c5-4f7d-91fd-9abd546a1826,db0e3792-01af-4e7a-8249-14d044ee9b2b
40b66df3-4972-4edc-b80a-af48003f4cbb,2025-02-27,103.98,5a02b634-f1d4-4e7b-8fa4-673856a1f7c1,ded7e6e0-45d8-4815-be3d-63cb78210dd5
4180d5e9-d5a4-403d-87bc-f68d0f1cbd4a,2024-06-28,513.11,757760c9-20e4-4156-bb3b-0e4aa7dd5e19,c4c2c27c-31bc-4e89-b700-5e7d5044a278
a7634246-843b-4e9c-b580-519473aca29e,2024-11-17,950.68,5bdc23a8-1e31-4116-82b1-552e2e292c8b,7e100c8f-b116-4bf8-912b-042e2937c328
9c809648-db4f-41bc-8bd4-c1b09ac5d211,2024-12-07,937.58,312d18e2-e5b5-40dd-9126-1037e00078cd,8db46ac8-42a9-4730-809e-5a27080eb9bb
0144fb3e-6b9c-497a-83a9-6d9b990d35ce,2024-03-31,982.67,5040ce6c-433f-49b3-84b4-68e1bb7c4f84,362cbb50-9049-41d0-8099-c4b51d4086f7
15845bb3-ea7b-4877-a71e-54a31bd48d79,2025-01-27,140.76,5801f560-e53c-43da-bd81-4f3c2e2f4602,73593410-54c4-419e-a457-6be4055c12c4
faeeba12-6401-4f04-aa4f-cdfee049b5f7,2024-05-29,154.47,f72b8636-84e9-4234-9a03-ade6bf6903d0,fb1ba1bf-ba9c-4387-84e6-c5f131df222e
7b83972c-9eb3-4be1-a0a1-889e193c58bd,2024-11-30,662.13,8503d492-ee94-47c0-b121-3c889031cb0c,f1f6b62d-6eaa-4525-b74a-23f0c9b5bf6b
b6e8b4f2-d3f4-4b0e-b231-cfb00098a8cc,2024-03-29,130.39,f413491d-6adb-4311-af0c-87042dae6907,0cdf751a-dc34-42f8-974a-796a93a743de
12a52797-bb9b-4a7d-a18b-c62d3f7b12dd,2024-04-17,62.85,7d698305-da5d-422f-bd13-8b55a4074026,5287a148-4bf7-4373-9cca-fdf0bf874fe8
91d84e46-6d5a-469b-8b67-25b97c8685bd,2025-01-01,924.6,f6c0ab13-4282-4e14-9f9d-6698e08e8b69,9ac55eca-002f-4ed0-a78b-83b9b48a6037
eccaae79-397c-4639-a801-01e5093e5101,2025-01-18,402.18,6cda44d1-8718-4fd5-934c-dd3204cf60eb,8db46ac8-42a9-4730-809e-5a27080eb9bb
23cb0ef6-292f-4093-bc2e-36c0e9e19233,2024-05-13,712.43,6cda44d1-8718-4fd5-934c-dd3204cf60eb,0e811d3e-23a3-4eb1-89fa-baf453e8c264
d38e22a6-ed42-4892-9d50-393263630808,2024-10-04,633.2,e92bcc5c-ddb8-44be-9274-07074f3e12d3,037ca05b-9d13-4fc8-b55e-4abd2653e5ad
02c147b4-c727-4a1d-b059-507be93e2db9,2025-02-22,131.78,95df2a29-c5df-495a-aab7-4238197e8741,821ca976-179a-4fd9-884c-007a80ccc4f9
21870020-fc79-46f4-97f3-5dd645de2a60,2024-10-22,294.47,cfbf8927-09bb-45f2-ac94-946df96423e1,56131363-61ec-43a7-9d02-3f8451d8f954
9f398eaf-aa52-47e3-a716-635b04f92238,2024-12-25,574.77,f413491d-6adb-4311-af0c-87042dae6907,fe1b77d9-fff9-4847-bf40-9d073d319bf3
f2a472fa-b840-4c5b-b9bd-9e47684db72e,2024-10-31,353.0,312d18e2-e5b5-40dd-9126-1037e00078cd,0a9da1c0-3bf0-4c57-9cbb-8e02244b9d90
0f93ff7b-84ca-4058-a554-3d43a8335296,2024-07-12,991.65,607d3e7d-721c-4919-89e2-ac3913a7d373,a3286466-9f40-48c6-b49e-6097a6b260e4
3ce0a4e7-7ac2-487f-b5db-43fdbf02d352,2024-04-19,905.66,7d698305-da5d-422f-bd13-8b55a4074026,8db46ac8-42a9-4730-809e-5a27080eb9bb
f3add915-8f52-4488-8362-540a75915190,2024-06-07,651.43,5801f560-e53c-43da-bd81-4f3c2e2f4602,73593410-54c4-419e-a457-6be4055c12c4
93382732-cdf7-45d4-b599-b062f1466a36,2025-02-12,726.71,cc461394-91aa-4e06-96bf-8887626fda8b,94aad9b4-ee10-44de-8e0c-f7178fdff492
5cdc2a32-5c28-497d-98c7-2c1e043c44d6,2024-11-01,152.5,1f25bf8b-31d9-4fb7-86a5-8e580d97b00f,a7d023a0-22e7-4f0f-a5fb-294bfbe8e3fd
4bf99aab-8109-4a8d-8ace-389a152bdb4c,2024-08-21,164.59,1e2aa821-08d1-412d-bef2-18b57cd51646,8db46ac8-42a9-4730-809e-5a27080eb9bb
6bf33548-596f-4af9-9820-6ba060578b36,2024-12-19,795.45,d04f47f3-fb66-4dec-a98b-8933dc19f407,d159c3af-6aee-4237-87ed-79cd72c2ddea
f188ff12-4003-42d8-a49b-cc1c5b19dce6,2024-06-25,759.6,57156777-53f2-4f15-9ce4-3194bdd98d6b,ede4a181-544f-4306-b190-beece7ddfb3e
8f49ee04-d753-42b9-8e57-b92f04a14f5c,2024-04-24,434.55,ebb8637f-1ec8-44a3-a05f-1042c1a7f676,94aad9b4-ee10-44de-8e0c-f7178fdff492
85dd349c-9368-458c-b57b-81ebfde7185f,2024-08-18,944.44,abc7ab52-651d-4339-b521-555100cc9083,0e811d3e-23a3-4eb1-89fa-baf453e8c264
825500e6-b87f-41e0-aa43-2259e35ba838,2024-08-20,579.82,d27da38c-c813-4e81-bcb8-2b839ab4e4c8,73593410-54c4-419e-a457-6be4055c12c4
ef54a391-50c1-4967-8ab5-6a39fe5c908e,2025-01-02,15.03,5a02b634-f1d4-4e7b-8fa4-673856a1f7c1,0e811d3e-23a3-4eb1-89fa-baf453e8c264
fffdaa17-36e5-42ff-932c-262488bc0b92,2024-08-22,274.25,cc2aeae6-c1cf-4d0c-9de4-7c2e799f7eb6,9659d775-3127-40aa-bc73-cdfa6edd80a0
dda4cdef-8799-4241-a9df-50742e32f6ec,2024-10-17,676.49,87553d05-e8c4-4aba-80aa-a38e68e80647,26eadfcd-c7c4-497b-9915-26abad7a8efe
1c90c15b-234b-4fe9-a6d2-89b5c13739e9,2024-05-29,604.7,57156777-53f2-4f15-9ce4-3194bdd98d6b,fb1ba1bf-ba9c-4387-84e6-c5f131df222e
5406e944-e9ad-4898-bacd-4dcd1158ecc4,2024-08-19,164.9,ead88603-2cdc-4356-8498-371b49fa0c1c,1f983985-6fca-44d9-9c38-d9e4fb8d0a8f
1bc9e581-cd61-4e90-9f0e-94de00396012,2024-07-15,40.19,9d68a7cc-4a5c-40cc-8fb5-73aa99b8754d,e5922a07-f76a-44f3-878b-b143c0d11cd0
b2b4e9db-838f-4493-bf59-7a8def6f3f35,2024-10-08,645.85,a886785a-20a1-4ddb-9e55-707879e05245,9b8bd6cb-0914-40df-a838-f182cfa73950
413b7f9b-ccaf-49b5-b67d-7ac2d9affe70,2024-07-27,642.26,772a8b82-c0e8-4b2a-b3f0-88466a38bea2,a7d023a0-22e7-4f0f-a5fb-294bfbe8e3fd
ad3e872b-3b7e-45de-9246-9dedfdf6a257,2024-05-05,171.48,7b301bca-73d0-4f31-87ce-bad9d12861d9,8d68dee0-0523-4833-80ee-d6850737ac1c
24827643-6099-4e19-a3ac-0fb9d79c5677,2024-07-07,264.86,9aabdcb1-7b73-4de7-845c-3ccfe4fc2e64,73593410-54c4-419e-a457-6be4055c12c4
9205ec0e-9a8c-40b1-b498-0e2311221870,2024-09-08,874.51,c620c81c-aef2-45af-9906-0bc7f2f5781e,9ac55eca-002f-4ed0-a78b-83b9b48a6037
8e012c7c-3bea-4443-b22e-a1a83a84f267,2024-05-29,422.07,757760c9-20e4-4156-bb3b-0e4aa7dd5e19,e6c40e82-5afd-4440-b327-de91f373263b
7292e667-ca97-4f4b-b6d5-b9f1cfbb87c1,2024-11-14,728.13,87553d05-e8c4-4aba-80aa-a38e68e80647,a0731bd5-9056-45e3-9639-d114e32252e7
18da1c0f-fbdc-460c-aa53-cf62c9bda79d,2024-12-24,858.73,dc91beba-5f12-4a6e-84e3-cd6f07fb9512,a0731bd5-9056-45e3-9639-d114e32252e7
c461d1d1-1898-42b8-b09c-fd414781a95c,2024-07-25,778.8,3fe18da1-31e6-421f-96bd-bdf0d9e7270c,fb1ba1bf-ba9c-4387-84e6-c5f131df222e
7ed54ff3-bd47-4ad1-a2c7-2cc7febc7994,2024-09-22,360.27,10d9f329-ae7a-402c-88d6-4f9d77b3a1e3,9b8bd6cb-0914-40df-a838-f182cfa73950
c0acf0df-df05-4570-a181-ae640fad85a9,2024-12-11,22.84,7286e843-6ef0-4554-bee2-5008d493d564,8db46ac8-42a9-4730-809e-5a27080eb9bb
1f471e5a-2791-403d-a984-a7c1e4b1cb54,2024-08-01,554.34,9aabdcb1-7b73-4de7-845c-3ccfe4fc2e64,a3286466-9f40-48c6-b49e-6097a6b260e4
0a5d8427-0a95-4875-a6dc-14089ef5773b,2024-07-06,587.38,51c14e9f-56c9-48c9-94e4-3e878dbf9c48,a0731bd5-9056-45e3-9639-d114e32252e7
c9192959-2591-47d0-93ff-ff7ebf3bd211,2024-11-20,814.29,846315cc-ff1e-467c-b9da-75ae130c8149,775aa63a-fa2f-45f0-b97e-5fd64c112b5f
4cad3175-af51-4053-828e-1be847d19e73,2024-09-11,94.05,8a39a627-41f1-435b-a4de-ceaa04bd9ea5,775aa63a-fa2f-45f0-b97e-5fd64c112b5f
74765b31-abd8-4036-9963-7ec9c91574b4,2024-12-03,274.48,ebb8637f-1ec8-44a3-a05f-1042c1a7f676,9b8bd6cb-0914-40df-a838-f182cfa73950
bc7f4cb3-a96a-41a6-b682-cd38c3f06df1,2024-11-28,239.23,bd50f9b8-ee7d-4dd0-875b-060263cfad6d,727773f5-782b-4e36-bd18-4faa1b1495b6
dd7cc498-805a-4e83-b5fd-1c24f09baaa1,2024-04-26,265.25,f413491d-6adb-4311-af0c-87042dae6907,db0e3792-01af-4e7a-8249-14d044ee9b2b
f0d72cf1-9990-4d29-8c1c-faebafe86ad6,2024-04-07,907.07,7f7c10e5-27d3-4593-a48c-1efe3066bce2,a3286466-9f40-48c6-b49e-6097a6b260e4
2608565e-8c62-4ee4-95a1-af5ef00551cf,2024-12-29,15.76,5bdc23a8-1e31-4116-82b1-552e2e292c8b,0e811d3e-23a3-4eb1-89fa-baf453e8c264
f74b229c-8047-445a-8a41-dcd42ab7157f,2024-07-20,102.01,85d3c846-c510-4b37-b454-62b461946611,e5922a07-f76a-44f3-878b-b143c0d11cd0
1ded7341-4cb6-4173-94d9-4c336c31b69d,2024-08-29,312.55,5801f560-e53c-43da-bd81-4f3c2e2f4602,fe1b77d9-fff9-4847-bf40-9d073d319bf3
5aadcd08-7815-49bf-bdb0-28b63183ce0c,2024-04-21,79.94,2c637f6b-5355-4165-bbe8-ae715fa3555e,a059f960-c03d-4d0a-99d3-a1126a641c59
e56e696d-d957-4de2-99bd-764266ad68e5,2024-11-30,170.34,5ae58635-df6b-4343-8192-ad63a377bf44,5287a148-4bf7-4373-9cca-fdf0bf874fe8
40cb8270-cb60-4a79-9541-4628b4f3698b,2024-11-15,850.92,8503d492-ee94-47c0-b121-3c889031cb0c,8db46ac8-42a9-4730-809e-5a27080eb9bb
0e17d9d8-782f-4014-ac3c-e013830ec9d4,2025-02-02,406.71,607d3e7d-721c-4919-89e2-ac3913a7d373,3a8ce285-c9f6-47e3-a50d-e7ac6e50a130
f4e1d53e-b094-4562-a39e-c03b776ece38,2024-05-21,469.21,63867fd2-bebb-43cb-8662-637736275748,4737a87d-2680-492b-b565-7f50188d3081
b9b234d6-073c-4601-8b0d-a898a471c30f,2024-12-04,571.58,95df2a29-c5df-495a-aab7-4238197e8741,0a9da1c0-3bf0-4c57-9cbb-8e02244b9d90
641f8318-1a12-4b46-a9e1-45468476894a,2024-04-23,483.72,5ae58635-df6b-4343-8192-ad63a377bf44,26eadfcd-c7c4-497b-9915-26abad7a8efe
fff2f432-7011-498e-8d04-0700be818a8f,2024-03-17,732.16,bd50f9b8-ee7d-4dd0-875b-060263cfad6d,5287a148-4bf7-4373-9cca-fdf0bf874fe8
cf84cb76-fb5d-43da-b0d4-a66b77d57fa7,2024-10-15,296.95,3e6df3c4-1dd5-4dc3-9008-0cda1596c49f,a059f960-c03d-4d0a-99d3-a1126a641c59
b630e6b5-d5b5-4e96-ba1d-724cacc27f9c,2024-06-10,89.72,fe9cc078-03ed-404f-8c67-0c2a4b821d49,6b4d603a-2796-498e-bf13-72c6a84e24f8
9be60cb5-5375-4843-b02a-c319e826214e,2024-05-27,328.38,5801f560-e53c-43da-bd81-4f3c2e2f4602,9b8bd6cb-0914-40df-a838-f182cfa73950
3cc985c9-7813-4d24-a492-5f64a58186d6,2024-11-21,251.97,22d028a7-4eef-4341-a464-4315d4e86a8c,3a8ce285-c9f6-47e3-a50d-e7ac6e50a130
7529b31a-bf29-4f32-a291-366d89070821,2024-04-02,642.67,5ae58635-df6b-4343-8192-ad63a377bf44,1f983985-6fca-44d9-9c38-d9e4fb8d0a8f
bc19ceaa-fcd9-48a0-9f8b-a60d46bdf55f,2024-10-07,302.31,5ae58635-df6b-4343-8192-ad63a377bf44,0cdf751a-dc34-42f8-974a-796a93a743de
d6058bcc-9c11-48f6-bfe6-9c6261db5144,2024-08-07,288.39,dc91beba-5f12-4a6e-84e3-cd6f07fb9512,26eadfcd-c7c4-497b-9915-26abad7a8efe
37f4f243-de45-4fb3-b121-6eae0355c3d1,2024-05-31,12.4,10d9f329-ae7a-402c-88d6-4f9d77b3a1e3,d159c3af-6aee-4237-87ed-79cd72c2ddea
56e77315-f7fd-45e1-80ec-d0db2bb4e6e0,2025-02-02,984.5,67b721cd-69b8-4082-a1c4-6f8c7e0e4af8,fde36c39-8080-42df-8b95-78e003911eb3
d3aff6cb-a32f-43b9-a017-0797fe395783,2024-06-28,827.55,67b721cd-69b8-4082-a1c4-6f8c7e0e4af8,727773f5-782b-4e36-bd18-4faa1b1495b6
6f98932a-13b5-4ff0-aab4-8f3919879c20,2024-04-20,382.32,e92bcc5c-ddb8-44be-9274-07074f3e12d3,727773f5-782b-4e36-bd18-4faa1b1495b6
0bbbfcae-0f73-4c2e-8370-9bdc423dc566,2024-05-31,49.43,f528d2dd-4e9c-4e42-ba64-e917c254bb66,4737a87d-2680-492b-b565-7f50188d3081
14f87e1b-014b-4d63-b171-d7646dcd17ca,2024-07-24,586.86,50dad5df-6d2f-4dae-845d-fab7430031c4,5b2afcf3-9c07-4516-bc91-911c82f36f21
a9417a18-bacc-482d-8ed0-e24719b7fed5,2024-10-19,82.48,bb939d61-981b-4f02-8b25-6006dd43908c,c4c2c27c-31bc-4e89-b700-5e7d5044a278
ed06c3b6-6633-4893-b793-7537c342f4f9,2024-05-06,895.39,ebb8637f-1ec8-44a3-a05f-1042c1a7f676,a3286466-9f40-48c6-b49e-6097a6b260e4
76a43e56-d5f9-4d54-80a6-5560a661319b,2024-04-28,661.4,0b62a5ed-fe00-4f94-aacc-1fdacabf0059,7e100c8f-b116-4bf8-912b-042e2937c328
05ac31c4-f4a5-44d7-9743-ba3ad4fdb289,2024-07-12,739.93,772a8b82-c0e8-4b2a-b3f0-88466a38bea2,3a8ce285-c9f6-47e3-a50d-e7ac6e50a130
d78c18c3-52df-492e-828a-ff5ebf38d296,2024-11-13,186.01,e0af3481-efa8-4845-9fa8-4ddd58deec86,0e811d3e-23a3-4eb1-89fa-baf453e8c264
631eb8b1-ae18-46ab-8d92-a6518e91f0ec,2024-03-18,967.49,51c14e9f-56c9-48c9-94e4-3e878dbf9c48,7e100c8f-b116-4bf8-912b-042e2937c328
fd2212eb-6ed6-4914-b37c-4513d9c4b81f,2024-12-07,423.72,ca6fdd43-c865-4a75-92f1-9e6a567654ca,4737a87d-2680-492b-b565-7f50188d3081
ce4bdc27-8273-4bf9-b9aa-d55372b29733,2025-01-02,113.35,772a8b82-c0e8-4b2a-b3f0-88466a38bea2,0a9da1c0-3bf0-4c57-9cbb-8e02244b9d90
6d9a91d4-15ca-40dc-9a4f-7ee295cd2987,2024-06-06,984.68,7286e843-6ef0-4554-bee2-5008d493d564,7e100c8f-b116-4bf8-912b-042e2937c328
52d3c492-7786-4095-a3ec-91530dfde627,2024-09-01,493.41,d42bbf53-55c4-4d4c-b581-ff347c4c28be,f1f6b62d-6eaa-4525-b74a-23f0c9b5bf6b
f55a3472-b752-4a80-968d-93115005137f,2024-12-04,342.09,2c637f6b-5355-4165-bbe8-ae715fa3555e,9659d775-3127-40aa-bc73-cdfa6edd80a0
31ef9802-a526-4cf9-aee4-69d18e0f300c,2024-10-13,460.52,9a8982da-8dd4-4948-bde8-f402dcc5f178,e6c40e82-5afd-4440-b327-de91f373263b
ea6468a7-4d57-4449-a9dc-59ce9ba281eb,2024-04-15,269.05,17f39078-a52b-439f-a075-dc18834d6b70,a059f960-c03d-4d0a-99d3-a1126a641c59
dec44945-6783-4323-be54-f9f9e02b032d,2024-09-05,802.63,ab1398e5-da15-49af-85a6-21daf8b254d2,0e811d3e-23a3-4eb1-89fa-baf453e8c264
9706f6f6-599c-4c95-8602-51bbedb221c7,2024-05-11,809.84,94585177-4239-42cc-a484-0943a35b559f,9b8bd6cb-0914-40df-a838-f182cfa73950
3d6f64be-9d2f-4520-b7bf-f1be65e5e367,2024-03-10,487.6,992175fb-7e5a-4479-8938-5247bd7a4949,a0731bd5-9056-45e3-9639-d114e32252e7
56169807-fecc-4d32-b9ac-1f2df395b681,2024-07-12,586.8,c68ddbb2-ecfb-437a-ad53-926e021a608c,5b2afcf3-9c07-4516-bc91-911c82f36f21
19099f29-1262-4386-85e8-0648eb7fdd6d,2025-02-11,102.86,4b90f3b1-5ee8-4643-9b2a-00c8257220c7,a3286466-9f40-48c6-b49e-6097a6b260e4
24fb2aab-f347-4fd5-90b6-7adc1d5e4880,2024-05-14,993.56,eaca02b1-2ac1-44e5-a9d9-bdb619ed3cc0,037ca05b-9d13-4fc8-b55e-4abd2653e5ad
50130aaa-e7c4-43ba-bee3-8fe29d0c0949,2024-09-12,621.9,67b721cd-69b8-4082-a1c4-6f8c7e0e4af8,019ff933-7d04-48de-8bf3-07d703fc2185
d190e7b6-7eb0-40f9-a3be-b1e8285b52ef,2024-04-09,499.84,b6b801ff-5f9c-4e37-9247-e0d4b7fec874,513c4e36-3c72-4ed2-b95f-b5248ad44722
c0f121bc-1e98-4db7-aa34-1f9c136125c2,2024-06-25,298.82,ef09289c-cdfb-41ad-aa6a-5716a1b9e962,2195ca52-a536-4441-8788-22ec4270854b
c503ebf1-7c01-43b0-84e3-146877188c1b,2024-04-11,235.75,cc461394-91aa-4e06-96bf-8887626fda8b,fde36c39-8080-42df-8b95-78e003911eb3
93fa9950-b49f-40ff-856b-649b12823e35,2025-01-26,816.56,9a8982da-8dd4-4948-bde8-f402dcc5f178,26eadfcd-c7c4-497b-9915-26abad7a8efe
f4268bbc-b846-4331-b1dc-e511ea80cde9,2024-08-11,664.23,757760c9-20e4-4156-bb3b-0e4aa7dd5e19,362cbb50-9049-41d0-8099-c4b51d4086f7
fb80db4d-37ef-4cbf-9d2e-87ffcc4a3cbf,2024-08-10,500.88,e4463a82-9d05-497d-a8b5-365de8a70e9d,5e3faa0b-0cea-495d-987a-5ab29bb88562
0c24180a-97ae-4dd6-aeb8-5b061cb308ce,2024-06-18,653.47,2f77ac22-cab4-4ea6-8a0b-9d6669253f54,775aa63a-fa2f-45f0-b97e-5fd64c112b5f
c2f6d5c2-eda8-4cfb-b7db-132b801eabeb,2024-06-27,678.32,e92bcc5c-ddb8-44be-9274-07074f3e12d3,661ba140-85ef-4218-9f4e-1831a1c02db0
1c320e8f-8e5f-4783-b26a-f555716b53cb,2024-12-09,897.83,f413491d-6adb-4311-af0c-87042dae6907,e6c40e82-5afd-4440-b327-de91f373263b
f581fa2b-8db2-4259-b70e-de1689670d2f,2024-08-07,398.09,5040ce6c-433f-49b3-84b4-68e1bb7c4f84,727773f5-782b-4e36-bd18-4faa1b1495b6
5f7d586d-b5c8-499e-8b9e-ca757ac555fc,2024-11-25,214.82,67b721cd-69b8-4082-a1c4-6f8c7e0e4af8,ded7e6e0-45d8-4815-be3d-63cb78210dd5
33b8cf29-456f-4571-a5f0-1ba293cb8d6e,2025-01-14,118.36,d47dfffb-eff8-4352-989a-13c85776e406,73e2446b-7a3b-4f40-9169-5d0189fd52da
cd24bf7c-6bab-4e2b-addb-752de8563762,2024-07-08,525.77,f39c5ae4-88ee-4215-aaa6-1bbbfd22400f,94aad9b4-ee10-44de-8e0c-f7178fdff492
c1c396ce-121d-4786-946d-693d5706ca40,2024-06-12,999.77,7286e843-6ef0-4554-bee2-5008d493d564,0f280cf2-138b-4c35-9bd6-b428184b7472
3feb9a29-c884-4a18-b757-a27ab3c0fd27,2024-07-16,534.25,a1b79dcb-a2ac-453d-8469-7d8192362462,775aa63a-fa2f-45f0-b97e-5fd64c112b5f
90c124d7-cd7f-424d-bd2d-ee00f6b9b4e4,2024-10-17,819.16,a886785a-20a1-4ddb-9e55-707879e05245,5e53fd51-c788-4b87-936f-2d45908df6e2
657eebe6-d55c-438e-b778-005be4b4dc03,2024-10-30,70.58,5040ce6c-433f-49b3-84b4-68e1bb7c4f84,8db46ac8-42a9-4730-809e-5a27080eb9bb
5b631260-fff7-4920-91ce-e7c637120741,2024-11-08,142.47,992175fb-7e5a-4479-8938-5247bd7a4949,6b4d603a-2796-498e-bf13-72c6a84e24f8
9f7fc588-c20f-489f-b453-cbedd67ecbda,2024-08-31,847.82,da5d8214-8da1-4f7e-a811-deb0385a23f9,4737a87d-2680-492b-b565-7f50188d3081
74ad665b-e3ba-478c-807b-a9d558904796,2024-11-28,889.83,881ca95a-bf5a-4484-93c3-55c018d793e4,513c4e36-3c72-4ed2-b95f-b5248ad44722
d08121a5-3e78-41b2-93e0-e74d16c7a07d,2024-12-30,309.94,4b90f3b1-5ee8-4643-9b2a-00c8257220c7,037ca05b-9d13-4fc8-b55e-4abd2653e5ad
5d3793e6-f7ba-4672-b0c1-05b0d8298896,2024-06-03,109.74,f4d4c771-394f-41d7-b500-538cc2c4c8ba,513c4e36-3c72-4ed2-b95f-b5248ad44722
40d8c20f-1e2e-4bdf-aac9-8b7faebd6f54,2024-10-04,305.73,3fe18da1-31e6-421f-96bd-bdf0d9e7270c,26eadfcd-c7c4-497b-9915-26abad7a8efe
de0dec08-b19f-4637-a3a5-0b8a49cea8fd,2024-09-07,890.19,7d698305-da5d-422f-bd13-8b55a4074026,037ca05b-9d13-4fc8-b55e-4abd2653e5ad
ed7aff72-ec95-4e42-b6c6-b704d3a4f646,2024-12-28,804.04,f72b8636-84e9-4234-9a03-ade6bf6903d0,4737a87d-2680-492b-b565-7f50188d3081
15480333-68e5-4178-8921-74f34c6059b1,2024-12-24,717.55,c2c97914-cb43-4eb1-aec4-b51cce3779aa,d159c3af-6aee-4237-87ed-79cd72c2ddea
e9debc67-fac9-49ef-b49d-e7091781f67c,2024-03-11,69.48,a886785a-20a1-4ddb-9e55-707879e05245,ede4a181-544f-4306-b190-beece7ddfb3e
35837e4c-1f77-4f6b-8416-3a5539471962,2024-11-05,637.98,61760375-4230-402d-bb3e-f5aee0d8317f,8db46ac8-42a9-4730-809e-5a27080eb9bb
7b7e782a-02c2-4268-be66-0e85c7297c70,2024-05-19,124.41,dc91beba-5f12-4a6e-84e3-cd6f07fb9512,ede4a181-544f-4306-b190-beece7ddfb3e
bed72648-984f-47bd-ac0d-7c62ba2509f3,2025-02-22,365.64,bb939d61-981b-4f02-8b25-6006dd43908c,8d68dee0-0523-4833-80ee-d6850737ac1c
85cb97ea-ef3c-4fc4-9393-c3329ffc7345,2024-11-03,695.26,992175fb-7e5a-4479-8938-5247bd7a4949,6b4d603a-2796-498e-bf13-72c6a84e24f8
87c00de8-eeac-44fe-b7f9-f0eda236bee3,2024-08-26,173.39,e0af3481-efa8-4845-9fa8-4ddd58deec86,13ebe60b-531e-4242-9218-cc2ff7323164
8186310c-d6d9-4a91-828b-383e639225a5,2024-07-07,301.47,187a68d2-8bdc-4aa2-9d24-396039095a18,e5922a07-f76a-44f3-878b-b143c0d11cd0
3dbd7e18-09bf-4443-85d4-782e90d6c5a3,2025-03-04,383.97,357eb09b-ff39-4f78-8492-dc36c76828e1,fe1b77d9-fff9-4847-bf40-9d073d319bf3
b9cd13ac-d4f5-43fc-a376-1ea10b94d0b7,2024-05-20,365.62,5ae58635-df6b-4343-8192-ad63a377bf44,775aa63a-fa2f-45f0-b97e-5fd64c112b5f
23b1df05-9ffe-4822-9886-393be29efc48,2025-01-07,389.22,50dad5df-6d2f-4dae-845d-fab7430031c4,775aa63a-fa2f-45f0-b97e-5fd64c112b5f
76c9ff22-2c53-4696-9d60-facfc7c3d72b,2024-11-02,880.03,bd50f9b8-ee7d-4dd0-875b-060263cfad6d,a059f960-c03d-4d0a-99d3-a1126a641c59
7b758d8f-5c3d-497f-b3c1-5ee576bb1fe1,2024-11-10,823.14,c2c97914-cb43-4eb1-aec4-b51cce3779aa,775aa63a-fa2f-45f0-b97e-5fd64c112b5f
50853bb4-1260-40e8-8359-5ad236ab15f7,2024-11-08,469.16,7b301bca-73d0-4f31-87ce-bad9d12861d9,e5922a07-f76a-44f3-878b-b143c0d11cd0
563a0653-b52c-4586-b5f7-ee7400786ac0,2024-05-19,590.5,ebb8637f-1ec8-44a3-a05f-1042c1a7f676,e6c40e82-5afd-4440-b327-de91f373263b
999e34be-da0c-407d-9510-741776b004e5,2025-02-06,587.06,e0af3481-efa8-4845-9fa8-4ddd58deec86,821ca976-179a-4fd9-884c-007a80ccc4f9
86770a2d-22a0-4ae6-bf0e-0bcf0dc48a14,2024-08-27,16.24,13d28206-4847-4299-99e9-ce32dca35b19,ede4a181-544f-4306-b190-beece7ddfb3e
c22bc262-0c69-4b94-889c-052d306645bc,2024-10-07,305.58,1e2aa821-08d1-412d-bef2-18b57cd51646,775aa63a-fa2f-45f0-b97e-5fd64c112b5f
9cd11dc1-7fd1-491d-a03f-39c98c41c52c,2024-10-24,222.04,ebb8637f-1ec8-44a3-a05f-1042c1a7f676,a0731bd5-9056-45e3-9639-d114e32252e7
84e0caf4-8634-48cd-89d3-d7baaca4f1ba,2024-10-14,652.11,85d3c846-c510-4b37-b454-62b461946611,26eadfcd-c7c4-497b-9915-26abad7a8efe
73547a05-411b-4873-afed-3a475059366b,2025-01-28,174.88,94585177-4239-42cc-a484-0943a35b559f,56131363-61ec-43a7-9d02-3f8451d8f954
c5207692-1e1d-485a-93e8-84201b5e2135,2025-01-29,452.29,c6ee774d-b162-40a8-955e-ef2f204bc597,0f280cf2-138b-4c35-9bd6-b428184b7472
fb79931e-e640-41da-b32e-71e5aac1594c,2025-03-05,127.81,bb939d61-981b-4f02-8b25-6006dd43908c,0f280cf2-138b-4c35-9bd6-b428184b7472
141572a5-fd82-4b20-bafd-0b7a6492572f,2024-10-25,130.12,46d9a976-dad4-4412-bd75-b8b6e4f1f0b6,d159c3af-6aee-4237-87ed-79cd72c2ddea
afc9cb63-35f5-4a99-9e6c-9e5ea275b36f,2024-04-01,666.89,10d9f329-ae7a-402c-88d6-4f9d77b3a1e3,5e3faa0b-0cea-495d-987a-5ab29bb88562
de0a6340-f9a1-439c-ae7c-7691fbff91d8,2024-04-30,996.67,10d9f329-ae7a-402c-88d6-4f9d77b3a1e3,0f280cf2-138b-4c35-9bd6-b428184b7472
fa460106-3276-4bd3-a0cc-7b965a4324ca,2024-06-18,366.32,13d28206-4847-4299-99e9-ce32dca35b19,775aa63a-fa2f-45f0-b97e-5fd64c112b5f
31cc3a16-960d-4d48-919c-049f806aedd4,2025-01-12,437.01,51c14e9f-56c9-48c9-94e4-3e878dbf9c48,019ff933-7d04-48de-8bf3-07d703fc2185
23b19d4b-3023-49eb-86cd-ca7023724031,2024-04-07,32.02,f72b8636-84e9-4234-9a03-ade6bf6903d0,c4c2c27c-31bc-4e89-b700-5e7d5044a278
94f46b3c-313d-4bff-bd44-cfc3191985c9,2024-09-27,616.14,f39c5ae4-88ee-4215-aaa6-1bbbfd22400f,1f983985-6fca-44d9-9c38-d9e4fb8d0a8f
468a56a7-f02e-4430-8945-9b65534402be,2024-07-06,661.65,e4463a82-9d05-497d-a8b5-365de8a70e9d,8d13d1bc-2ea1-475d-8beb-4310ebd74ef1
27dd8555-f9c4-4f56-a545-6a50bc62b765,2024-04-18,71.67,2957de21-41c5-4f7d-91fd-9abd546a1826,0cdf751a-dc34-42f8-974a-796a93a743de
24720d9d-fffb-4c77-9d3a-9b992efb9a35,2024-06-01,394.71,ead88603-2cdc-4356-8498-371b49fa0c1c,803d5219-7ffb-4c90-b838-9f83389abf7d
f1b92e19-7b18-4760-a8bc-126abc9d224c,2024-12-11,488.82,57156777-53f2-4f15-9ce4-3194bdd98d6b,1f983985-6fca-44d9-9c38-d9e4fb8d0a8f
97216476-6e56-4134-9849-322ef8bbf5a6,2024-07-27,17.85,15ea08ca-8054-4afd-8450-dadeda092fb1,803d5219-7ffb-4c90-b838-9f83389abf7d
f997811a-0263-4a24-ac0e-af7efd540c22,2024-03-20,910.85,a1b79dcb-a2ac-453d-8469-7d8192362462,0f280cf2-138b-4c35-9bd6-b428184b7472
2467612e-0a49-4fda-ba49-a559302a05b0,2024-04-07,612.7,a1b79dcb-a2ac-453d-8469-7d8192362462,6b4d603a-2796-498e-bf13-72c6a84e24f8
017bb73d-dedf-4217-acd7-89b1e3f6840b,2025-01-30,525.95,61760375-4230-402d-bb3e-f5aee0d8317f,0a9da1c0-3bf0-4c57-9cbb-8e02244b9d90
b2950390-8826-4471-b646-eb3e8aec2fa3,2024-07-01,398.16,67b721cd-69b8-4082-a1c4-6f8c7e0e4af8,56131363-61ec-43a7-9d02-3f8451d8f954
a97040b5-74f3-43a2-8b7b-ef801746c690,2024-05-04,62.24,f528d2dd-4e9c-4e42-ba64-e917c254bb66,5e3faa0b-0cea-495d-987a-5ab29bb88562
c7958198-0ce9-4f6c-a87d-f46c1dbbf50c,2025-01-13,926.8,846315cc-ff1e-467c-b9da-75ae130c8149,a3286466-9f40-48c6-b49e-6097a6b260e4
a766842e-a672-4682-a338-84dc7baa6d18,2024-03-15,34.39,c2c97914-cb43-4eb1-aec4-b51cce3779aa,73e2446b-7a3b-4f40-9169-5d0189fd52da
37c2aedf-09dc-408a-887c-45e5fe9cf4ce,2024-11-11,191.83,772a8b82-c0e8-4b2a-b3f0-88466a38bea2,019ff933-7d04-48de-8bf3-07d703fc2185
70a8ef49-de7a-45a3-b98c-3599ed0469af,2024-05-21,180.24,34f623a1-0677-445e-b404-753c47b88cf5,e6c40e82-5afd-4440-b327-de91f373263b
7ca4b8bc-214b-4873-940b-c971b0563442,2024-09-17,245.43,c68ddbb2-ecfb-437a-ad53-926e021a608c,d159c3af-6aee-4237-87ed-79cd72c2ddea
5a0407c2-019f-457d-90bd-46d8498b328f,2024-11-19,323.77,fe9cc078-03ed-404f-8c67-0c2a4b821d49,ede4a181-544f-4306-b190-beece7ddfb3e
3211bd09-11f9-4b6c-8f73-943290c14957,2024-11-05,462.79,bb939d61-981b-4f02-8b25-6006dd43908c,6b4d603a-2796-498e-bf13-72c6a84e24f8
e97ec1f6-dc05-4592-805c-e3c96afa2a21,2024-12-21,29.64,7286e843-6ef0-4554-bee2-5008d493d564,ede4a181-544f-4306-b190-beece7ddfb3e
37af52b3-3db3-4016-bc23-1c3fe25ff44e,2024-06-06,275.22,f554e890-21aa-403d-a3e1-fbeba281e33b,db0e3792-01af-4e7a-8249-14d044ee9b2b
9eda737d-eaae-4bc9-924d-f2f4f254e155,2024-10-26,84.18,d27da38c-c813-4e81-bcb8-2b839ab4e4c8,73593410-54c4-419e-a457-6be4055c12c4
103b100d-fa2d-4665-b338-6c124e2f16bc,2025-02-27,842.39,2feb2cc8-c381-4c34-96d8-adfda842f2ae,8d13d1bc-2ea1-475d-8beb-4310ebd74ef1
48fe2c6f-4e9d-443b-ada9-eaf79db8a6c5,2024-03-21,965.6,50dad5df-6d2f-4dae-845d-fab7430031c4,5e53fd51-c788-4b87-936f-2d45908df6e2
fe7b0cd4-ee0f-499c-87b3-100d534cd8c7,2024-07-12,296.15,f528d2dd-4e9c-4e42-ba64-e917c254bb66,56131363-61ec-43a7-9d02-3f8451d8f954
e4ba1af4-c9a6-47ed-84c0-7e2331ef4803,2024-09-19,462.27,2feb2cc8-c381-4c34-96d8-adfda842f2ae,0f280cf2-138b-4c35-9bd6-b428184b7472
87d522e6-3e17-4e9e-a75c-b7c29d7167c2,2024-11-28,717.51,ef09289c-cdfb-41ad-aa6a-5716a1b9e962,fb1ba1bf-ba9c-4387-84e6-c5f131df222e
33ede504-3123-483b-9f9f-8e36cc39b281,2024-05-23,642.05,5801f560-e53c-43da-bd81-4f3c2e2f4602,ede4a181-544f-4306-b190-beece7ddfb3e
5da38261-aee1-41ee-ad83-978dce93c714,2024-07-13,155.49,2feb2cc8-c381-4c34-96d8-adfda842f2ae,13ebe60b-531e-4242-9218-cc2ff7323164
4706bd95-f4b1-470f-bc13-8636e6ac09ec,2024-04-17,509.66,f4d4c771-394f-41d7-b500-538cc2c4c8ba,a3286466-9f40-48c6-b49e-6097a6b260e4
18286e65-4056-4336-bb95-545b9655515f,2024-07-25,481.28,c6ee774d-b162-40a8-955e-ef2f204bc597,a3286466-9f40-48c6-b49e-6097a6b260e4
0a076ab9-81e4-49a2-8a7d-d8276b5df09c,2024-12-12,689.89,d42bbf53-55c4-4d4c-b581-ff347c4c28be,775aa63a-fa2f-45f0-b97e-5fd64c112b5f
a9ba4157-a870-4a04-b36a-1ee532be13b3,2024-09-14,342.92,7286e843-6ef0-4554-bee2-5008d493d564,94aad9b4-ee10-44de-8e0c-f7178fdff492
fae80d9a-45fe-410b-a67e-ec4300b32e54,2024-08-12,13.38,f413491d-6adb-4311-af0c-87042dae6907,3a8ce285-c9f6-47e3-a50d-e7ac6e50a130
eb55295f-ed9a-4d0a-9cb6-a5210e18613e,2024-09-24,677.55,13d28206-4847-4299-99e9-ce32dca35b19,6b4d603a-2796-498e-bf13-72c6a84e24f8
ce6ca6ff-8347-451e-83b1-01278b732f1a,2024-08-14,623.56,e0af3481-efa8-4845-9fa8-4ddd58deec86,73e2446b-7a3b-4f40-9169-5d0189fd52da
c375bb0d-401d-456c-ad42-fd923c326398,2024-12-09,315.5,2f77ac22-cab4-4ea6-8a0b-9d6669253f54,5e3faa0b-0cea-495d-987a-5ab29bb88562
e9cc5b2f-5a2b-436a-ab93-ba5cfb27b209,2024-10-08,197.95,c620c81c-aef2-45af-9906-0bc7f2f5781e,9b8bd6cb-0914-40df-a838-f182cfa73950
5420a684-1c79-4473-82ba-54484b765682,2025-01-21,724.09,f72b8636-84e9-4234-9a03-ade6bf6903d0,5e3faa0b-0cea-495d-987a-5ab29bb88562
a9e61b34-aa09-479b-b787-9dd27c1b74a8,2025-02-12,342.43,e92bcc5c-ddb8-44be-9274-07074f3e12d3,a0731bd5-9056-45e3-9639-d114e32252e7
516aabc4-d345-452a-b3df-16ecaf03b086,2024-11-03,721.36,87553d05-e8c4-4aba-80aa-a38e68e80647,8db46ac8-42a9-4730-809e-5a27080eb9bb
26fac802-89d3-4ee7-8d5d-13c984b4c71d,2025-02-12,160.66,7f7c10e5-27d3-4593-a48c-1efe3066bce2,ede4a181-544f-4306-b190-beece7ddfb3e
70b14a13-a61e-44f2-95bd-6f3bc3ced157,2024-08-14,414.6,9a8982da-8dd4-4948-bde8-f402dcc5f178,26eadfcd-c7c4-497b-9915-26abad7a8efe
37f7b641-9613-48e0-aa47-4ae8cc33d185,2024-12-23,978.79,772a8b82-c0e8-4b2a-b3f0-88466a38bea2,5b2afcf3-9c07-4516-bc91-911c82f36f21
02728cf8-64b6-4d42-a813-99ff051895a8,2024-06-30,328.74,5040ce6c-433f-49b3-84b4-68e1bb7c4f84,f1f6b62d-6eaa-4525-b74a-23f0c9b5bf6b
10dc573f-7d58-40ad-be41-59c111a26fb7,2024-05-20,691.5,435d085e-4104-4c31-9e1a-06c79a14cd46,775aa63a-fa2f-45f0-b97e-5fd64c112b5f
142ae7fc-cd11-4ca6-acc3-02e9385adf79,2024-10-17,592.61,2a798e6b-112b-4454-81c1-f1d2cd272537,4737a87d-2680-492b-b565-7f50188d3081
7257d9ce-4c6c-4b6c-af23-e4b75737ab68,2024-04-15,359.84,85d3c846-c510-4b37-b454-62b461946611,db0e3792-01af-4e7a-8249-14d044ee9b2b
b2c24f23-a639-4785-91bd-c97461077fa7,2024-03-11,686.97,846315cc-ff1e-467c-b9da-75ae130c8149,661ba140-85ef-4218-9f4e-1831a1c02db0
52f4a1a0-4a33-4b19-b067-f82c040baae0,2024-12-06,716.93,13d28206-4847-4299-99e9-ce32dca35b19,8d13d1bc-2ea1-475d-8beb-4310ebd74ef1
f412c603-f84d-47e9-baaf-9ac7a375a42d,2024-09-16,866.54,bb939d61-981b-4f02-8b25-6006dd43908c,0f280cf2-138b-4c35-9bd6-b428184b7472
738120be-cc5f-43e2-b56c-4e60199ca082,2024-04-30,367.02,b6b801ff-5f9c-4e37-9247-e0d4b7fec874,1f983985-6fca-44d9-9c38-d9e4fb8d0a8f
35db2da4-3c96-4c11-9f03-11be77979a60,2024-08-27,319.85,6cb3bb2f-c015-4e1f-a14a-747b6147c906,8d68dee0-0523-4833-80ee-d6850737ac1c
398b0469-4762-42cb-9a23-5b9f7b1d5b42,2024-10-29,729.43,2c637f6b-5355-4165-bbe8-ae715fa3555e,037ca05b-9d13-4fc8-b55e-4abd2653e5ad
02b9bd33-0dea-493f-abc7-6e5c3b41a3b1,2024-07-27,623.65,51c14e9f-56c9-48c9-94e4-3e878dbf9c48,e6c40e82-5afd-4440-b327-de91f373263b
a676ec3b-345e-42cb-974f-ea9473b79a2c,2024-11-07,403.89,f413491d-6adb-4311-af0c-87042dae6907,e6c40e82-5afd-4440-b327-de91f373263b
797ae418-037a-40f7-80e5-82d6a52ca7b1,2024-12-06,170.71,51c14e9f-56c9-48c9-94e4-3e878dbf9c48,5b2afcf3-9c07-4516-bc91-911c82f36f21
2fe6ba58-7de8-466a-acfb-06c0e65f40ad,2024-09-26,122.55,cc2aeae6-c1cf-4d0c-9de4-7c2e799f7eb6,0e811d3e-23a3-4eb1-89fa-baf453e8c264
3258fc50-1c34-4620-8e6e-cc4c6310d1ac,2024-11-27,922.14,67b721cd-69b8-4082-a1c4-6f8c7e0e4af8,94aad9b4-ee10-44de-8e0c-f7178fdff492
59b94cdc-5581-4478-bab4-28b91f87a551,2024-03-18,39.35,d04f47f3-fb66-4dec-a98b-8933dc19f407,8db46ac8-42a9-4730-809e-5a27080eb9bb
9425e4fa-9e35-4b8f-b718-2f15be0b49b6,2025-03-05,909.78,10d9f329-ae7a-402c-88d6-4f9d77b3a1e3,5e53fd51-c788-4b87-936f-2d45908df6e2
4dc8c5e3-57e9-4887-bd59-5cbe96adbd8d,2024-04-05,344.55,5ae58635-df6b-4343-8192-ad63a377bf44,5e3faa0b-0cea-495d-987a-5ab29bb88562
bc5019b4-77ab-4e46-85b2-e627ab7ed6be,2024-09-20,621.02,1e2aa821-08d1-412d-bef2-18b57cd51646,a7d023a0-22e7-4f0f-a5fb-294bfbe8e3fd
f4465566-a31b-4c4c-a9d7-5fabb2dbde08,2024-12-28,467.64,3e6df3c4-1dd5-4dc3-9008-0cda1596c49f,727773f5-782b-4e36-bd18-4faa1b1495b6
d0e7c119-5c9d-44f7-b1da-17035e791354,2024-06-04,109.39,c68ddbb2-ecfb-437a-ad53-926e021a608c,c4c2c27c-31bc-4e89-b700-5e7d5044a278
c084995d-dfd8-4931-882a-85dd77cb6d57,2024-05-31,274.22,ef09289c-cdfb-41ad-aa6a-5716a1b9e962,e6c40e82-5afd-4440-b327-de91f373263b
52eefdc5-67b3-4531-97a4-4859d8cf3ea3,2024-08-19,69.36,5fe91243-a8af-4f95-a01e-1b55872dd588,661ba140-85ef-4218-9f4e-1831a1c02db0
0beb7817-e98d-4e82-9a48-adc89c0e4781,2024-06-29,311.25,3fe18da1-31e6-421f-96bd-bdf0d9e7270c,a059f960-c03d-4d0a-99d3-a1126a641c59
7dc1b6af-f92f-4195-bea6-73d27b3d3cda,2024-09-23,493.22,cc2aeae6-c1cf-4d0c-9de4-7c2e799f7eb6,9659d775-3127-40aa-bc73-cdfa6edd80a0
71d098a0-aa3e-480c-8520-c0ce6afbce78,2024-03-14,948.56,772a8b82-c0e8-4b2a-b3f0-88466a38bea2,037ca05b-9d13-4fc8-b55e-4abd2653e5ad
dd4f4166-4f36-49b9-bc72-47ce682989ec,2024-03-29,56.69,b6b801ff-5f9c-4e37-9247-e0d4b7fec874,0cdf751a-dc34-42f8-974a-796a93a743de
59df6766-185b-4ed1-a965-6ab0cfb631ba,2024-09-20,86.66,f39c5ae4-88ee-4215-aaa6-1bbbfd22400f,ded7e6e0-45d8-4815-be3d-63cb78210dd5
3603b53c-29a5-4481-9508-13af3364f888,2024-05-30,624.76,757760c9-20e4-4156-bb3b-0e4aa7dd5e19,94aad9b4-ee10-44de-8e0c-f7178fdff492
d57a9335-a1aa-4346-9f6d-8d70b8edbfed,2024-11-15,563.35,bb939d61-981b-4f02-8b25-6006dd43908c,7e100c8f-b116-4bf8-912b-042e2937c328
dea61150-251a-4807-9e0b-2b26aee439e3,2024-12-22,878.93,6cda44d1-8718-4fd5-934c-dd3204cf60eb,9b8bd6cb-0914-40df-a838-f182cfa73950
fb82d079-c279-4ca3-9cac-c60529acd4cb,2025-01-12,558.88,15ea08ca-8054-4afd-8450-dadeda092fb1,3a8ce285-c9f6-47e3-a50d-e7ac6e50a130
1cd48a30-8838-4f57-b722-06a93a5dcc96,2024-06-18,896.79,5ae58635-df6b-4343-8192-ad63a377bf44,f1f6b62d-6eaa-4525-b74a-23f0c9b5bf6b
da2ba47b-0068-4f11-ac8e-997759f1b22a,2024-08-07,950.79,9d68a7cc-4a5c-40cc-8fb5-73aa99b8754d,a059f960-c03d-4d0a-99d3-a1126a641c59
6701cee5-a8fe-4d1b-b88b-de6d89f675e2,2024-08-31,683.79,992175fb-7e5a-4479-8938-5247bd7a4949,5287a148-4bf7-4373-9cca-fdf0bf874fe8
bd8b71bd-be70-4c7f-9942-d70815612c34,2024-09-22,455.62,87553d05-e8c4-4aba-80aa-a38e68e80647,5e3faa0b-0cea-495d-987a-5ab29bb88562
52c84f27-a752-42af-b4b7-98995f333391,2024-03-13,344.82,7286e843-6ef0-4554-bee2-5008d493d564,ede4a181-544f-4306-b190-beece7ddfb3e
9a4177ef-c6f3-4b80-9e1e-a3d0a4cac175,2024-06-23,219.3,187a68d2-8bdc-4aa2-9d24-396039095a18,4737a87d-2680-492b-b565-7f50188d3081
3685d577-a914-4308-a006-22433915e428,2024-08-01,96.8,e0af3481-efa8-4845-9fa8-4ddd58deec86,1f983985-6fca-44d9-9c38-d9e4fb8d0a8f
44dadea4-f280-4530-9be2-31584b9d8380,2024-08-01,725.46,50dad5df-6d2f-4dae-845d-fab7430031c4,019ff933-7d04-48de-8bf3-07d703fc2185
1accf24d-fe31-462b-8bbf-96e374296e2e,2024-08-13,814.33,0ac10ec8-9984-4524-ac82-66d4d48705af,037ca05b-9d13-4fc8-b55e-4abd2653e5ad
1a648bdf-b827-43da-bd34-62ffab1d8d9b,2024-08-28,995.66,61760375-4230-402d-bb3e-f5aee0d8317f,775aa63a-fa2f-45f0-b97e-5fd64c112b5f
6005ee6b-b02b-4b1a-8322-151e8be5f84a,2024-11-20,809.85,8a39a627-41f1-435b-a4de-ceaa04bd9ea5,fb1ba1bf-ba9c-4387-84e6-c5f131df222e
dbfa231e-53fa-42fd-8daa-82c0fc860ce3,2024-04-10,561.71,5a02b634-f1d4-4e7b-8fa4-673856a1f7c1,8d13d1bc-2ea1-475d-8beb-4310ebd74ef1
cc207b87-62b9-4886-9931-8fc2d01b3bc3,2024-07-21,171.69,ef09289c-cdfb-41ad-aa6a-5716a1b9e962,3a8ce285-c9f6-47e3-a50d-e7ac6e50a130
a0034ff9-4be8-4779-b2b6-f6d9a111d28b,2024-12-19,545.69,435d085e-4104-4c31-9e1a-06c79a14cd46,c4c2c27c-31bc-4e89-b700-5e7d5044a278
937820be-e5dc-46b8-9d20-07f41b3d70fe,2024-08-14,139.21,5040ce6c-433f-49b3-84b4-68e1bb7c4f84,5b2afcf3-9c07-4516-bc91-911c82f36f21
74376fef-ae61-4c29-b6fa-ba92a60a7684,2024-09-28,516.84,3e6df3c4-1dd5-4dc3-9008-0cda1596c49f,1f983985-6fca-44d9-9c38-d9e4fb8d0a8f
87797a89-62b2-4bd4-a1f5-1b7407780ae5,2024-03-29,700.98,757760c9-20e4-4156-bb3b-0e4aa7dd5e19,0f280cf2-138b-4c35-9bd6-b428184b7472
40a49c50-3eed-4038-a8c0-33ec64ec3997,2025-01-14,637.18,7286e843-6ef0-4554-bee2-5008d493d564,0f280cf2-138b-4c35-9bd6-b428184b7472
733c26fc-18c9-44f8-8b2d-7e287d77c2d7,2024-10-07,753.82,9069d1e2-e959-4a0e-943e-064972091f74,727773f5-782b-4e36-bd18-4faa1b1495b6
a3d850bd-fd53-4118-9686-87f48410f717,2024-11-04,477.75,5801f560-e53c-43da-bd81-4f3c2e2f4602,5b2afcf3-9c07-4516-bc91-911c82f36f21
84dfb508-f7ce-4c98-9e0f-a025efdb4e2f,2024-07-28,932.43,1e2aa821-08d1-412d-bef2-18b57cd51646,821ca976-179a-4fd9-884c-007a80ccc4f9
80ef77e1-7973-43dd-80e6-612e221efe2c,2024-06-06,211.35,c2c97914-cb43-4eb1-aec4-b51cce3779aa,9b8bd6cb-0914-40df-a838-f182cfa73950
eb48cb90-3f52-400a-ada4-f364a2d2137a,2024-06-05,832.94,c620c81c-aef2-45af-9906-0bc7f2f5781e,a059f960-c03d-4d0a-99d3-a1126a641c59
c8cf1c6a-2583-4f99-9169-73cc279151e0,2024-05-31,989.55,f528d2dd-4e9c-4e42-ba64-e917c254bb66,0a9da1c0-3bf0-4c57-9cbb-8e02244b9d90
2088a0d3-8a97-40f6-8d94-6ec620552963,2024-06-04,717.49,2f77ac22-cab4-4ea6-8a0b-9d6669253f54,513c4e36-3c72-4ed2-b95f-b5248ad44722
bdb5f02c-4df5-408c-b11d-03b5753e469f,2024-07-21,904.75,cfbf8927-09bb-45f2-ac94-946df96423e1,5b2afcf3-9c07-4516-bc91-911c82f36f21
05f6e4f0-2002-446d-9cab-5c4215809f12,2024-04-02,850.31,61760375-4230-402d-bb3e-f5aee0d8317f,c4c2c27c-31bc-4e89-b700-5e7d5044a278
c507165a-c253-4072-afb0-2dca95d115d2,2025-01-22,773.35,f4d4c771-394f-41d7-b500-538cc2c4c8ba,3a8ce285-c9f6-47e3-a50d-e7ac6e50a130
e9bb802a-3f16-4637-8c99-eadaa5ce012e,2024-06-16,594.71,5040ce6c-433f-49b3-84b4-68e1bb7c4f84,1f983985-6fca-44d9-9c38-d9e4fb8d0a8f
33f37df0-3a3c-4622-9372-77b59f2828a1,2024-03-22,223.57,41b00e06-7b84-4267-a76c-967d8441e7ae,fe1b77d9-fff9-4847-bf40-9d073d319bf3
0fa1910d-424e-41fb-b0ad-acc580ac85b2,2024-03-07,404.9,5ae58635-df6b-4343-8192-ad63a377bf44,1f983985-6fca-44d9-9c38-d9e4fb8d0a8f
f815c2b5-60cc-4c44-bcc2-0168e6d74164,2024-11-16,842.95,5fe91243-a8af-4f95-a01e-1b55872dd588,019ff933-7d04-48de-8bf3-07d703fc2185
9f1ed914-6794-416a-ab7c-09f117edb6fd,2024-09-18,569.96,5a02b634-f1d4-4e7b-8fa4-673856a1f7c1,a059f960-c03d-4d0a-99d3-a1126a641c59
1960dd6b-6a33-4b9a-aa62-b413ffd52aba,2024-06-08,827.55,846315cc-ff1e-467c-b9da-75ae130c8149,73e2446b-7a3b-4f40-9169-5d0189fd52da
55eaa071-a835-4c16-aa22-3d71cd40319a,2024-07-07,223.24,41b00e06-7b84-4267-a76c-967d8441e7ae,a7d023a0-22e7-4f0f-a5fb-294bfbe8e3fd
5c26c942-3fe8-4d6c-bdfb-657252e7dd60,2024-09-21,25.34,3e6df3c4-1dd5-4dc3-9008-0cda1596c49f,56131363-61ec-43a7-9d02-3f8451d8f954
f1a06d98-e337-4ee5-b5af-780d8bed1313,2024-07-01,518.41,6cb3bb2f-c015-4e1f-a14a-747b6147c906,8db46ac8-42a9-4730-809e-5a27080eb9bb
43e2df38-e7b4-4d11-8f8b-05bdc4b8acdb,2024-06-16,162.64,b6b801ff-5f9c-4e37-9247-e0d4b7fec874,94aad9b4-ee10-44de-8e0c-f7178fdff492
7c4414f5-09f3-4b66-a195-2048a0f82f8d,2024-09-22,29.41,881ca95a-bf5a-4484-93c3-55c018d793e4,8db46ac8-42a9-4730-809e-5a27080eb9bb
01cea27f-2455-4ddc-b05d-eb7878fdc195,2024-09-18,24.48,c2c97914-cb43-4eb1-aec4-b51cce3779aa,513c4e36-3c72-4ed2-b95f-b5248ad44722
5decab54-b560-4579-9569-63acf6fb8994,2024-12-04,251.27,0ac10ec8-9984-4524-ac82-66d4d48705af,6b4d603a-2796-498e-bf13-72c6a84e24f8
039efaf3-1656-4a46-8151-fc4ddb76c26b,2024-10-27,944.28,85d3c846-c510-4b37-b454-62b461946611,0f280cf2-138b-4c35-9bd6-b428184b7472
e737022c-88c7-42c3-8bdb-2bfad7a589a9,2024-11-08,623.65,63867fd2-bebb-43cb-8662-637736275748,ede4a181-544f-4306-b190-beece7ddfb3e
8be11f5b-107d-441f-adc8-d524c9d13d8c,2024-06-19,162.67,f4d4c771-394f-41d7-b500-538cc2c4c8ba,5b2afcf3-9c07-4516-bc91-911c82f36f21
dc80b303-9b0b-4557-8f7b-410abdc196d7,2024-03-30,253.33,f528d2dd-4e9c-4e42-ba64-e917c254bb66,5e3faa0b-0cea-495d-987a-5ab29bb88562
62e5237b-d9fc-412d-b85f-8218239d7f3d,2024-03-12,796.81,c6ee774d-b162-40a8-955e-ef2f204bc597,13ebe60b-531e-4242-9218-cc2ff7323164
0c2095d0-0b9f-4f9e-8e7d-d027f19c7104,2025-03-03,966.3,f39c5ae4-88ee-4215-aaa6-1bbbfd22400f,513c4e36-3c72-4ed2-b95f-b5248ad44722
0849940e-496f-466c-8842-606e38cafc8c,2024-10-04,216.42,fe9cc078-03ed-404f-8c67-0c2a4b821d49,0a9da1c0-3bf0-4c57-9cbb-8e02244b9d90
086955a6-8e97-424f-9267-c7503e8f6a06,2024-05-22,625.69,c620c81c-aef2-45af-9906-0bc7f2f5781e,9b8bd6cb-0914-40df-a838-f182cfa73950
6c1ebe4f-4c09-4ff2-8576-9434edb69eaa,2024-12-14,219.61,f6c0ab13-4282-4e14-9f9d-6698e08e8b69,ded7e6e0-45d8-4815-be3d-63cb78210dd5
72708509-2bd0-4b50-8395-85e193600d5f,2024-10-04,425.37,ca6fdd43-c865-4a75-92f1-9e6a567654ca,0e811d3e-23a3-4eb1-89fa-baf453e8c264
0535242f-051a-4f42-8cec-45b45ad0623b,2025-01-28,339.92,85d3c846-c510-4b37-b454-62b461946611,6b4d603a-2796-498e-bf13-72c6a84e24f8
eeb31c7d-fc96-4707-8525-23bad3d898f3,2024-12-20,67.75,51c14e9f-56c9-48c9-94e4-3e878dbf9c48,8db46ac8-42a9-4730-809e-5a27080eb9bb
b9dca836-6e53-4a25-b03e-8d13f9970716,2025-02-10,993.45,772a8b82-c0e8-4b2a-b3f0-88466a38bea2,a059f960-c03d-4d0a-99d3-a1126a641c59
99ecc592-6313-4768-9635-3528c5302c27,2024-11-01,475.99,e4463a82-9d05-497d-a8b5-365de8a70e9d,661ba140-85ef-4218-9f4e-1831a1c02db0
24b9cfff-5040-4f92-a234-a3ff12835336,2024-05-05,279.26,87553d05-e8c4-4aba-80aa-a38e68e80647,9ac55eca-002f-4ed0-a78b-83b9b48a6037
cc3f31fe-61b7-4d1f-914d-3729ab7cf95f,2024-05-05,851.1,95df2a29-c5df-495a-aab7-4238197e8741,1f983985-6fca-44d9-9c38-d9e4fb8d0a8f
72c301d6-d3e4-4e0b-89be-b4dd4976ba46,2024-06-05,698.07,a1b79dcb-a2ac-453d-8469-7d8192362462,a0731bd5-9056-45e3-9639-d114e32252e7
29e0f3bd-4d62-4bef-a0b7-b5df8c5b6af6,2024-08-07,314.72,b6b801ff-5f9c-4e37-9247-e0d4b7fec874,fde36c39-8080-42df-8b95-78e003911eb3
4caecc0e-7ebc-4057-8033-cb1b17fa6d7f,2025-01-14,408.3,3e6df3c4-1dd5-4dc3-9008-0cda1596c49f,661ba140-85ef-4218-9f4e-1831a1c02db0
fec274f5-991d-4acd-9904-fb622a67ca5f,2024-06-14,659.79,cc461394-91aa-4e06-96bf-8887626fda8b,8db46ac8-42a9-4730-809e-5a27080eb9bb
1b5c2dc2-82a2-4b87-8d91-a91ab92a7a0c,2024-03-29,44.68,3fe18da1-31e6-421f-96bd-bdf0d9e7270c,5b2afcf3-9c07-4516-bc91-911c82f36f21
76e66c06-ca4e-4928-8058-55944d545284,2024-05-26,869.94,4b90f3b1-5ee8-4643-9b2a-00c8257220c7,a059f960-c03d-4d0a-99d3-a1126a641c59
c1a46165-599e-4227-9d08-dbf1429c0fd4,2024-08-07,88.46,0b62a5ed-fe00-4f94-aacc-1fdacabf0059,037ca05b-9d13-4fc8-b55e-4abd2653e5ad
0a54cff0-0b9f-4750-819e-7303fca51371,2024-12-31,366.65,87553d05-e8c4-4aba-80aa-a38e68e80647,0cdf751a-dc34-42f8-974a-796a93a743de
f10e1d7c-0894-43e9-91c7-9c9ca7b54d42,2025-02-14,169.58,772a8b82-c0e8-4b2a-b3f0-88466a38bea2,8db46ac8-42a9-4730-809e-5a27080eb9bb
2856afe3-4d26-4ba3-8fcb-67711d583c74,2025-02-03,383.21,8503d492-ee94-47c0-b121-3c889031cb0c,5e53fd51-c788-4b87-936f-2d45908df6e2
12ff3e54-89d6-4775-b372-da343e4a1a28,2024-12-07,979.24,435d085e-4104-4c31-9e1a-06c79a14cd46,13ebe60b-531e-4242-9218-cc2ff7323164
729208ef-605f-44d8-b963-8622633668f8,2024-09-01,603.39,a1b79dcb-a2ac-453d-8469-7d8192362462,fb1ba1bf-ba9c-4387-84e6-c5f131df222e
b10bb604-d374-472f-9207-6a7f02083040,2024-06-28,976.41,6cda44d1-8718-4fd5-934c-dd3204cf60eb,0cdf751a-dc34-42f8-974a-796a93a743de
c6c43e40-a06c-48e0-96f8-bf5b07c75109,2024-03-21,205.55,f39c5ae4-88ee-4215-aaa6-1bbbfd22400f,f1f6b62d-6eaa-4525-b74a-23f0c9b5bf6b
324f6f1e-8cfe-4427-bd6f-d109e1eabe64,2024-05-13,527.82,6cb3bb2f-c015-4e1f-a14a-747b6147c906,661ba140-85ef-4218-9f4e-1831a1c02db0
b609a59a-5b86-43c8-aa34-a76aecefbbb9,2024-03-12,874.29,34f623a1-0677-445e-b404-753c47b88cf5,4737a87d-2680-492b-b565-7f50188d3081
0265f73c-aa4b-4267-b05d-f05f5570d848,2024-12-04,255.75,e92bcc5c-ddb8-44be-9274-07074f3e12d3,037ca05b-9d13-4fc8-b55e-4abd2653e5ad
612e6338-6d6e-40e7-8dd9-ded0b1818a34,2024-06-21,625.15,17f39078-a52b-439f-a075-dc18834d6b70,2195ca52-a536-4441-8788-22ec4270854b
0ad9cd03-8ed6-4e77-bdf6-90053752d7c0,2024-09-10,769.75,f554e890-21aa-403d-a3e1-fbeba281e33b,9ac55eca-002f-4ed0-a78b-83b9b48a6037
aeb847c1-398e-40f1-8c69-2c61796cf0e9,2024-09-14,557.61,dc91beba-5f12-4a6e-84e3-cd6f07fb9512,d159c3af-6aee-4237-87ed-79cd72c2ddea
dbb9c428-2fc7-43d2-ac55-ba7c8bba9c1f,2025-02-21,504.47,f72b8636-84e9-4234-9a03-ade6bf6903d0,0a9da1c0-3bf0-4c57-9cbb-8e02244b9d90
d108cbae-ee7c-454e-b68a-00c659df6e6d,2025-02-01,143.73,6ecd4ec9-3dc2-4b73-8ce1-5a83794f1c8b,1f983985-6fca-44d9-9c38-d9e4fb8d0a8f
3e50ad71-167d-4df1-97e6-738b231b53d0,2024-12-25,525.6,c68ddbb2-ecfb-437a-ad53-926e021a608c,fb1ba1bf-ba9c-4387-84e6-c5f131df222e
38d48878-4d57-49d6-a6af-a1476b0457c1,2024-08-12,603.56,187a68d2-8bdc-4aa2-9d24-396039095a18,e5922a07-f76a-44f3-878b-b143c0d11cd0
6f109211-75e2-497a-82ad-a1bc183fdea2,2025-01-03,358.59,846315cc-ff1e-467c-b9da-75ae130c8149,56131363-61ec-43a7-9d02-3f8451d8f954
4f8387c1-360a-4a34-aad1-2b10e6306282,2024-08-21,121.14,94585177-4239-42cc-a484-0943a35b559f,5e53fd51-c788-4b87-936f-2d45908df6e2
c08e0ad2-ecf2-4446-a40f-ae5ad1cb5760,2024-11-26,647.28,1e2aa821-08d1-412d-bef2-18b57cd51646,fde36c39-8080-42df-8b95-78e003911eb3
b4ed498d-0f23-40ee-bab0-e10e16996aeb,2024-08-30,914.66,51c14e9f-56c9-48c9-94e4-3e878dbf9c48,2195ca52-a536-4441-8788-22ec4270854b
d944b3ee-e786-4d97-8c0f-bae4dd6d6efe,2024-10-27,20.87,ead88603-2cdc-4356-8498-371b49fa0c1c,5b2afcf3-9c07-4516-bc91-911c82f36f21
b730ab5c-50ab-4293-b1ff-bc6efd1ca217,2024-12-09,645.18,d42bbf53-55c4-4d4c-b581-ff347c4c28be,5287a148-4bf7-4373-9cca-fdf0bf874fe8
2be48cd7-53a9-4b00-905d-43e2ef506892,2024-08-19,13.12,e0af3481-efa8-4845-9fa8-4ddd58deec86,26eadfcd-c7c4-497b-9915-26abad7a8efe
654f662e-8db7-43ad-881b-5bd439f4baaf,2024-08-18,450.23,5040ce6c-433f-49b3-84b4-68e1bb7c4f84,0e811d3e-23a3-4eb1-89fa-baf453e8c264
857ca3fc-8527-4916-b48a-bfb34944336d,2024-05-14,277.77,f554e890-21aa-403d-a3e1-fbeba281e33b,727773f5-782b-4e36-bd18-4faa1b1495b6
438ec093-a320-4e37-bab6-ef41d25ebf9d,2025-03-04,356.9,8503d492-ee94-47c0-b121-3c889031cb0c,56131363-61ec-43a7-9d02-3f8451d8f954
7e9dbcf7-5b04-4f71-9b2e-6ed463f4e08c,2025-02-25,283.46,15ea08ca-8054-4afd-8450-dadeda092fb1,821ca976-179a-4fd9-884c-007a80ccc4f9
55e7fe8a-7f8d-4888-9246-aac40a31dda9,2024-08-05,607.19,61760375-4230-402d-bb3e-f5aee0d8317f,73e2446b-7a3b-4f40-9169-5d0189fd52da
e168292f-330d-4912-85e6-759e23b3fba2,2025-01-20,56.39,757760c9-20e4-4156-bb3b-0e4aa7dd5e19,362cbb50-9049-41d0-8099-c4b51d4086f7
802ea649-0beb-4aa4-81eb-aa0869fdddcc,2024-07-28,132.68,9aabdcb1-7b73-4de7-845c-3ccfe4fc2e64,0cdf751a-dc34-42f8-974a-796a93a743de
cd4e9086-786c-4018-a1ba-ab40229d1512,2024-05-17,478.34,a1b79dcb-a2ac-453d-8469-7d8192362462,775aa63a-fa2f-45f0-b97e-5fd64c112b5f
e22e4fb8-70cf-4768-a0e2-6e2fd45de4dd,2025-03-01,689.68,312d18e2-e5b5-40dd-9126-1037e00078cd,a3286466-9f40-48c6-b49e-6097a6b260e4
816d5475-a3ed-4bb2-8523-a534fd740b3c,2024-12-19,971.88,757760c9-20e4-4156-bb3b-0e4aa7dd5e19,f1f6b62d-6eaa-4525-b74a-23f0c9b5bf6b
e774ba09-eae3-45a6-9bbf-9edb6d43f407,2024-08-11,854.25,588cc74d-3fc6-4040-918c-36340aa18e36,94aad9b4-ee10-44de-8e0c-f7178fdff492
2e559748-037e-4589-8f27-38ccf902f505,2025-02-11,456.62,588cc74d-3fc6-4040-918c-36340aa18e36,727773f5-782b-4e36-bd18-4faa1b1495b6
30b1a9f3-f71a-498d-94f4-6a28ca5facd0,2024-12-21,57.14,10d9f329-ae7a-402c-88d6-4f9d77b3a1e3,9ac55eca-002f-4ed0-a78b-83b9b48a6037
f4a5de18-c72e-4c1c-a60a-356d6473a2a9,2024-07-10,767.98,f6c0ab13-4282-4e14-9f9d-6698e08e8b69,a3286466-9f40-48c6-b49e-6097a6b260e4
d2ff68a1-f613-41c8-abdd-695ab71eac66,2024-12-09,229.69,cc461394-91aa-4e06-96bf-8887626fda8b,7e100c8f-b116-4bf8-912b-042e2937c328
7fe7414e-7bbd-45b0-969c-f57b7024381d,2025-02-03,84.32,6ecd4ec9-3dc2-4b73-8ce1-5a83794f1c8b,9ac55eca-002f-4ed0-a78b-83b9b48a6037
5587e78c-bb5f-4523-b293-0d90fe5895b7,2024-10-31,676.01,e0af3481-efa8-4845-9fa8-4ddd58deec86,821ca976-179a-4fd9-884c-007a80ccc4f9
0d7d4913-a987-435f-95fe-37f6d078b177,2024-09-26,119.85,992175fb-7e5a-4479-8938-5247bd7a4949,6b4d603a-2796-498e-bf13-72c6a84e24f8
a0bc6457-4b41-4013-a4c7-6096ef10b132,2024-05-24,52.08,d47dfffb-eff8-4352-989a-13c85776e406,a7d023a0-22e7-4f0f-a5fb-294bfbe8e3fd
b2d45ee8-0df8-42bf-97b9-18a6ad08ccc0,2024-05-10,468.8,15ea08ca-8054-4afd-8450-dadeda092fb1,9b8bd6cb-0914-40df-a838-f182cfa73950
9fb88e15-f216-41cb-b2e8-23015a120b30,2025-01-18,285.75,a886785a-20a1-4ddb-9e55-707879e05245,a7d023a0-22e7-4f0f-a5fb-294bfbe8e3fd
196e7ee9-dc4c-4926-b164-7c716e3886c6,2024-08-10,871.54,94585177-4239-42cc-a484-0943a35b559f,0cdf751a-dc34-42f8-974a-796a93a743de
99a1e6ba-357d-40d2-a46e-bf5b5bc16972,2024-09-12,84.97,b6b801ff-5f9c-4e37-9247-e0d4b7fec874,e6c40e82-5afd-4440-b327-de91f373263b
07eeb8ed-9702-47ef-b8db-867d7e2ef6bb,2024-08-01,833.44,09fa8473-0291-4bcd-9181-31b6d81528c3,a059f960-c03d-4d0a-99d3-a1126a641c59
64a73150-6905-4c5d-bf49-8471c7aaf129,2024-05-20,686.6,f72b8636-84e9-4234-9a03-ade6bf6903d0,9ac55eca-002f-4ed0-a78b-83b9b48a6037
e21c589c-fc1a-4272-ab86-e0493497d787,2024-06-08,257.6,61760375-4230-402d-bb3e-f5aee0d8317f,94aad9b4-ee10-44de-8e0c-f7178fdff492
6242d71b-2245-46e1-beba-466c67455602,2024-09-25,734.09,1e2aa821-08d1-412d-bef2-18b57cd51646,019ff933-7d04-48de-8bf3-07d703fc2185
e8e1e011-78cb-4fe6-8b80-4a6aa5526351,2024-07-31,358.04,e92bcc5c-ddb8-44be-9274-07074f3e12d3,0e811d3e-23a3-4eb1-89fa-baf453e8c264
21dd7e18-fa0b-4ef0-a188-ffb1d7a47ffd,2025-01-30,955.9,7d698305-da5d-422f-bd13-8b55a4074026,821ca976-179a-4fd9-884c-007a80ccc4f9
55230b0a-400d-4059-917c-6c18dc35d2b5,2024-10-14,769.81,ef09289c-cdfb-41ad-aa6a-5716a1b9e962,037ca05b-9d13-4fc8-b55e-4abd2653e5ad
85060a2c-fbbd-4bb9-aa48-b3a747e93d4c,2024-06-01,538.66,2a798e6b-112b-4454-81c1-f1d2cd272537,ede4a181-544f-4306-b190-beece7ddfb3e
e4b0b301-b296-486d-947c-ca8fe91fd27b,2025-02-23,445.54,ebb8637f-1ec8-44a3-a05f-1042c1a7f676,5e53fd51-c788-4b87-936f-2d45908df6e2
dc085168-2a22-42df-8edd-11a46261fe29,2024-03-07,432.05,a886785a-20a1-4ddb-9e55-707879e05245,5b2afcf3-9c07-4516-bc91-911c82f36f21
f80eed3e-482f-447d-8ade-d6b66d3f8588,2024-08-22,821.13,607d3e7d-721c-4919-89e2-ac3913a7d373,2195ca52-a536-4441-8788-22ec4270854b
4796c234-bd13-4037-94c4-ced6344dbcde,2024-11-24,401.49,22d028a7-4eef-4341-a464-4315d4e86a8c,661ba140-85ef-4218-9f4e-1831a1c02db0
ed03a95c-747a-428f-a71d-24b4541fcb58,2024-08-24,768.84,607d3e7d-721c-4919-89e2-ac3913a7d373,c4c2c27c-31bc-4e89-b700-5e7d5044a278
63b2e623-9277-4e11-a49b-0d24a3d58168,2025-02-09,931.58,f4d4c771-394f-41d7-b500-538cc2c4c8ba,a0731bd5-9056-45e3-9639-d114e32252e7
cfe7a91a-03c6-4134-ae61-25195e9d8f9f,2024-05-02,898.95,67b721cd-69b8-4082-a1c4-6f8c7e0e4af8,803d5219-7ffb-4c90-b838-9f83389abf7d
5e9a6f96-8d51-4ae0-b460-d4ea21098774,2024-12-30,623.67,e4463a82-9d05-497d-a8b5-365de8a70e9d,fe1b77d9-fff9-4847-bf40-9d073d319bf3
54d2e386-a499-4cb7-a68e-83a2cc9507cd,2024-11-16,446.76,f528d2dd-4e9c-4e42-ba64-e917c254bb66,0cdf751a-dc34-42f8-974a-796a93a743de
56e395eb-43eb-4f2a-b781-c4abcb98397e,2024-07-14,410.59,e92bcc5c-ddb8-44be-9274-07074f3e12d3,019ff933-7d04-48de-8bf3-07d703fc2185
f4b39172-c482-4e70-b5b4-8d1934fcb70d,2024-09-22,97.49,5ae58635-df6b-4343-8192-ad63a377bf44,73e2446b-7a3b-4f40-9169-5d0189fd52da
1a0df8ec-57a6-45a5-9893-0245ca60b2d6,2024-06-12,826.44,34f623a1-0677-445e-b404-753c47b88cf5,0e811d3e-23a3-4eb1-89fa-baf453e8c264
b6466007-90ae-4200-94d6-46bb54285e5a,2024-03-27,920.5,5040ce6c-433f-49b3-84b4-68e1bb7c4f84,8db46ac8-42a9-4730-809e-5a27080eb9bb
d910ea33-e60a-40c6-8a31-404a367b1927,2024-05-27,983.28,2feb2cc8-c381-4c34-96d8-adfda842f2ae,362cbb50-9049-41d0-8099-c4b51d4086f7
604ceaf1-5fb7-4fa6-be60-09079878331b,2024-03-18,883.42,5a02b634-f1d4-4e7b-8fa4-673856a1f7c1,73593410-54c4-419e-a457-6be4055c12c4
a2bdd5ec-47a6-4f50-8483-b9f588312b88,2024-08-18,712.32,c620c81c-aef2-45af-9906-0bc7f2f5781e,fe1b77d9-fff9-4847-bf40-9d073d319bf3
3deb14c2-1387-46e6-988e-1fd4ee2b5b37,2025-03-02,286.37,5a02b634-f1d4-4e7b-8fa4-673856a1f7c1,13ebe60b-531e-4242-9218-cc2ff7323164
4477b5de-b362-4d29-8518-de5ff3fade61,2024-10-28,319.46,f39c5ae4-88ee-4215-aaa6-1bbbfd22400f,6b4d603a-2796-498e-bf13-72c6a84e24f8
52b77bd1-f84b-4256-8bf3-7460db9e9728,2024-04-16,574.99,d47dfffb-eff8-4352-989a-13c85776e406,2195ca52-a536-4441-8788-22ec4270854b
75ad9653-fff2-47f8-8ef6-1c9a1c6e32b6,2024-11-20,369.02,51c14e9f-56c9-48c9-94e4-3e878dbf9c48,0e811d3e-23a3-4eb1-89fa-baf453e8c264
090949f4-2280-4307-bb71-223ca00c6dce,2024-04-20,489.13,9d68a7cc-4a5c-40cc-8fb5-73aa99b8754d,9ac55eca-002f-4ed0-a78b-83b9b48a6037
6b721555-98da-42d5-abaa-8add124a8ff2,2024-06-14,241.63,cfbf8927-09bb-45f2-ac94-946df96423e1,56131363-61ec-43a7-9d02-3f8451d8f954
9991238b-27b3-432a-9b18-1807602ac1a3,2024-05-03,999.01,7f7c10e5-27d3-4593-a48c-1efe3066bce2,a0731bd5-9056-45e3-9639-d114e32252e7
d14a090d-918f-4a82-af56-ef4e57ee5311,2024-07-27,567.93,ebb8637f-1ec8-44a3-a05f-1042c1a7f676,73593410-54c4-419e-a457-6be4055c12c4
d7f6d2d3-5785-4153-9bae-e9ebee5c9615,2025-02-15,903.99,846315cc-ff1e-467c-b9da-75ae130c8149,775aa63a-fa2f-45f0-b97e-5fd64c112b5f
54f87dae-b404-4541-83f2-293675e67972,2024-05-07,582.26,c620c81c-aef2-45af-9906-0bc7f2f5781e,8d13d1bc-2ea1-475d-8beb-4310ebd74ef1
19f1c047-e281-4605-9fda-2ea07f6e1586,2024-07-19,408.9,67b721cd-69b8-4082-a1c4-6f8c7e0e4af8,5b2afcf3-9c07-4516-bc91-911c82f36f21
dc4e63b7-2428-43ef-95f7-0a44f3506e2d,2024-12-16,948.66,eaca02b1-2ac1-44e5-a9d9-bdb619ed3cc0,8db46ac8-42a9-4730-809e-5a27080eb9bb
ede30f46-8cd2-4743-a380-b43cd9e73949,2024-10-06,750.58,357eb09b-ff39-4f78-8492-dc36c76828e1,0cdf751a-dc34-42f8-974a-796a93a743de
ef8c3954-a46f-4217-89f9-9b1b04b2942a,2025-01-24,89.86,187a68d2-8bdc-4aa2-9d24-396039095a18,661ba140-85ef-4218-9f4e-1831a1c02db0
406e5f1f-d1bc-466d-9ea8-226b7080b74e,2024-08-26,347.27,4b90f3b1-5ee8-4643-9b2a-00c8257220c7,727773f5-782b-4e36-bd18-4faa1b1495b6
6f162328-81f2-48ab-9085-4787011a7e8c,2024-10-12,849.29,5a02b634-f1d4-4e7b-8fa4-673856a1f7c1,94aad9b4-ee10-44de-8e0c-f7178fdff492
f2a64a4d-49e7-4117-9dd0-bf862fa5ace8,2024-08-04,573.59,8a39a627-41f1-435b-a4de-ceaa04bd9ea5,9ac55eca-002f-4ed0-a78b-83b9b48a6037
2a36d439-e0c6-43ac-a6e9-f75310ea5209,2025-03-07,857.39,15ea08ca-8054-4afd-8450-dadeda092fb1,4737a87d-2680-492b-b565-7f50188d3081
0a4ca951-5387-44a8-92ed-35c0d8000236,2025-01-03,850.0,2957de21-41c5-4f7d-91fd-9abd546a1826,821ca976-179a-4fd9-884c-007a80ccc4f9
ff9969fb-d092-4e7f-b1e1-510270172699,2024-07-14,17.33,15ea08ca-8054-4afd-8450-dadeda092fb1,775aa63a-fa2f-45f0-b97e-5fd64c112b5f
b9759e9a-bcb2-4d28-adcd-96a91a1ee10c,2024-07-31,334.21,6ecd4ec9-3dc2-4b73-8ce1-5a83794f1c8b,9659d775-3127-40aa-bc73-cdfa6edd80a0
52b92de6-b003-4441-8de8-54aaf71a0ccf,2024-12-08,890.26,5bdc23a8-1e31-4116-82b1-552e2e292c8b,ede4a181-544f-4306-b190-beece7ddfb3e
06d5d64c-34c4-4de8-96e3-016be465e5f3,2024-11-23,700.37,5040ce6c-433f-49b3-84b4-68e1bb7c4f84,8db46ac8-42a9-4730-809e-5a27080eb9bb
aeffa667-6184-4de4-a392-f80343911f54,2024-10-30,889.84,09fa8473-0291-4bcd-9181-31b6d81528c3,a0731bd5-9056-45e3-9639-d114e32252e7
818bfee6-cf5e-426c-96bc-159924f1d0bd,2025-01-09,155.0,1e2aa821-08d1-412d-bef2-18b57cd51646,8d13d1bc-2ea1-475d-8beb-4310ebd74ef1
dd0f6064-69ea-40f4-8939-c9fa7c254939,2024-09-14,705.24,e4463a82-9d05-497d-a8b5-365de8a70e9d,a059f960-c03d-4d0a-99d3-a1126a641c59
b284b683-deb4-479f-b140-b4ed63bc9cd1,2025-01-22,138.84,435d085e-4104-4c31-9e1a-06c79a14cd46,727773f5-782b-4e36-bd18-4faa1b1495b6
31ae1e2d-cb5c-41c6-b6bb-71ad22fdefc5,2024-04-26,970.44,cc461394-91aa-4e06-96bf-8887626fda8b,037ca05b-9d13-4fc8-b55e-4abd2653e5ad
e5b74be7-9a67-4660-a738-9037b8a9db9a,2024-12-23,352.99,312d18e2-e5b5-40dd-9126-1037e00078cd,6b4d603a-2796-498e-bf13-72c6a84e24f8
80e0e32b-c6b6-43f4-a605-4323c077225c,2025-02-07,158.56,18e763aa-108a-4021-a60d-c8df7f393f35,775aa63a-fa2f-45f0-b97e-5fd64c112b5f
fd4d1c6d-d612-485e-8786-4a131f31e885,2024-08-16,370.92,1e2aa821-08d1-412d-bef2-18b57cd51646,8db46ac8-42a9-4730-809e-5a27080eb9bb
3a6eb658-3c9b-4b0c-9499-ab18819ee55c,2025-02-12,45.64,7f7c10e5-27d3-4593-a48c-1efe3066bce2,94aad9b4-ee10-44de-8e0c-f7178fdff492
0ab018cc-d3d9-41db-9cd7-60e991541d6c,2024-10-30,241.24,bd50f9b8-ee7d-4dd0-875b-060263cfad6d,6b4d603a-2796-498e-bf13-72c6a84e24f8
fd47aae4-3683-40ff-86b0-606b07de3153,2024-10-30,845.88,e92bcc5c-ddb8-44be-9274-07074f3e12d3,2195ca52-a536-4441-8788-22ec4270854b
52f3f041-0c34-48a1-8a42-a3254b07ecef,2024-12-02,344.46,588cc74d-3fc6-4040-918c-36340aa18e36,fe1b77d9-fff9-4847-bf40-9d073d319bf3
06663483-b67e-4321-bf0e-2dde2bc805aa,2024-09-11,288.28,9aabdcb1-7b73-4de7-845c-3ccfe4fc2e64,e5922a07-f76a-44f3-878b-b143c0d11cd0
fba71ccf-6a32-4a58-8c97-b754c452d251,2024-11-01,301.79,588cc74d-3fc6-4040-918c-36340aa18e36,2195ca52-a536-4441-8788-22ec4270854b
238b3e50-0c5e-4341-bd84-cd575d93ecc7,2024-06-25,623.74,e0af3481-efa8-4845-9fa8-4ddd58deec86,5e53fd51-c788-4b87-936f-2d45908df6e2
6738831d-c9ed-4fb0-9f3f-2ef340869712,2025-01-28,596.83,7b301bca-73d0-4f31-87ce-bad9d12861d9,d159c3af-6aee-4237-87ed-79cd72c2ddea
cc04329f-9cad-4266-a8cb-b98a647663c4,2024-09-05,728.68,9aabdcb1-7b73-4de7-845c-3ccfe4fc2e64,fe1b77d9-fff9-4847-bf40-9d073d319bf3
1fee25bc-81aa-4bf7-afb2-4193e4075cc2,2024-03-28,441.11,67b721cd-69b8-4082-a1c4-6f8c7e0e4af8,f1f6b62d-6eaa-4525-b74a-23f0c9b5bf6b
4abb94fc-f501-4eb3-91dd-a88f4a37bb42,2024-10-09,683.99,7d698305-da5d-422f-bd13-8b55a4074026,775aa63a-fa2f-45f0-b97e-5fd64c112b5f
2cc82403-d06a-4d12-b5ad-4ab2aaf1d450,2024-10-10,511.89,2a798e6b-112b-4454-81c1-f1d2cd272537,821ca976-179a-4fd9-884c-007a80ccc4f9
8c8cb06a-329d-4c52-9e01-ee786e8dd8d9,2024-04-30,770.03,4b90f3b1-5ee8-4643-9b2a-00c8257220c7,0f280cf2-138b-4c35-9bd6-b428184b7472
e7102ebd-e9da-49da-9671-fb30fe03177d,2024-07-31,181.27,15ea08ca-8054-4afd-8450-dadeda092fb1,13ebe60b-531e-4242-9218-cc2ff7323164
52555316-1d4b-4c1e-9398-e9636b663582,2025-02-07,931.58,50dad5df-6d2f-4dae-845d-fab7430031c4,6b4d603a-2796-498e-bf13-72c6a84e24f8
b27254d4-94da-48fe-b758-087af6f9f16a,2024-08-16,939.96,7d698305-da5d-422f-bd13-8b55a4074026,c4c2c27c-31bc-4e89-b700-5e7d5044a278
e80cf247-4b3f-4172-b87d-8272e8c817b1,2024-03-30,384.69,a886785a-20a1-4ddb-9e55-707879e05245,821ca976-179a-4fd9-884c-007a80ccc4f9
73008527-3253-42f7-8c9a-00594202cea8,2024-10-01,817.06,f6c0ab13-4282-4e14-9f9d-6698e08e8b69,362cbb50-9049-41d0-8099-c4b51d4086f7
a6c469b5-e52b-4cfd-8c71-e77a61726199,2024-04-17,440.25,f6c0ab13-4282-4e14-9f9d-6698e08e8b69,a059f960-c03d-4d0a-99d3-a1126a641c59
3bd38bf6-6cec-4120-9d64-19bafeb4ae18,2024-10-16,38.77,ab1398e5-da15-49af-85a6-21daf8b254d2,f1f6b62d-6eaa-4525-b74a-23f0c9b5bf6b
2ea3f217-36a9-4c7e-9f3b-6e3111815c7f,2024-11-05,408.07,cc2aeae6-c1cf-4d0c-9de4-7c2e799f7eb6,f1f6b62d-6eaa-4525-b74a-23f0c9b5bf6b
9229c676-2633-4f50-8125-1f251294c43b,2025-01-20,77.89,2957de21-41c5-4f7d-91fd-9abd546a1826,e6c40e82-5afd-4440-b327-de91f373263b
280281ac-4a38-4735-886e-708244a99cf7,2024-03-22,212.23,6cb3bb2f-c015-4e1f-a14a-747b6147c906,0e811d3e-23a3-4eb1-89fa-baf453e8c264
7eea6708-6f37-4a11-af32-ab6888b4f070,2024-04-26,565.45,1f25bf8b-31d9-4fb7-86a5-8e580d97b00f,0a9da1c0-3bf0-4c57-9cbb-8e02244b9d90
05b44723-6e2c-4da6-8c27-5da121426785,2025-02-14,123.48,9069d1e2-e959-4a0e-943e-064972091f74,fb1ba1bf-ba9c-4387-84e6-c5f131df222e
861fb2c2-db62-4c54-b284-8191bedad5cf,2024-09-30,100.74,ab1398e5-da15-49af-85a6-21daf8b254d2,0e811d3e-23a3-4eb1-89fa-baf453e8c264
e5eaf508-d5e9-45e6-9a34-952753a8b7cb,2025-02-14,442.7,10d9f329-ae7a-402c-88d6-4f9d77b3a1e3,8db46ac8-42a9-4730-809e-5a27080eb9bb
c8087c18-ef4b-473e-8a3e-c0b08f0f8502,2024-09-01,419.74,7286e843-6ef0-4554-bee2-5008d493d564,5e53fd51-c788-4b87-936f-2d45908df6e2
15e46b00-964d-4f09-bf60-d624f2cbaa79,2024-09-22,94.82,da5d8214-8da1-4f7e-a811-deb0385a23f9,5287a148-4bf7-4373-9cca-fdf0bf874fe8
c9847408-936e-40d4-ad96-3adc5fe9cb38,2024-10-27,244.73,435d085e-4104-4c31-9e1a-06c79a14cd46,fe1b77d9-fff9-4847-bf40-9d073d319bf3
7865a3ae-5841-468c-8122-baeddab1ee80,2024-07-12,268.03,f39c5ae4-88ee-4215-aaa6-1bbbfd22400f,037ca05b-9d13-4fc8-b55e-4abd2653e5ad
205d9125-ca48-4d9b-91e3-1fdafb296ba4,2024-10-04,311.67,cc461394-91aa-4e06-96bf-8887626fda8b,ede4a181-544f-4306-b190-beece7ddfb3e
92bc54ad-739f-4546-9ddd-76c430db14a8,2024-04-06,830.08,15ea08ca-8054-4afd-8450-dadeda092fb1,73593410-54c4-419e-a457-6be4055c12c4
8792c604-3921-47fc-ae7d-b566d45af6de,2024-11-20,81.28,67b721cd-69b8-4082-a1c4-6f8c7e0e4af8,5e3faa0b-0cea-495d-987a-5ab29bb88562
2ad2a899-443f-4d4d-b57c-40f5e7fee172,2025-01-28,497.33,c2c97914-cb43-4eb1-aec4-b51cce3779aa,727773f5-782b-4e36-bd18-4faa1b1495b6
378f59b7-deea-4dc0-988c-2eb224dbf44e,2024-12-01,415.99,2957de21-41c5-4f7d-91fd-9abd546a1826,7e100c8f-b116-4bf8-912b-042e2937c328
fb37308c-586c-443e-8b6d-dd193a4c7afb,2024-04-21,349.27,eaca02b1-2ac1-44e5-a9d9-bdb619ed3cc0,5e3faa0b-0cea-495d-987a-5ab29bb88562
f01c1a56-8424-4c95-99cc-d474bcaaa21f,2024-04-09,914.83,fe9cc078-03ed-404f-8c67-0c2a4b821d49,3a8ce285-c9f6-47e3-a50d-e7ac6e50a130
075b788f-12e7-46e9-9480-11201abe27c4,2024-08-30,189.37,357eb09b-ff39-4f78-8492-dc36c76828e1,5287a148-4bf7-4373-9cca-fdf0bf874fe8
b0b43359-fb21-419f-aa83-a3583bf04a46,2024-05-04,584.08,2feb2cc8-c381-4c34-96d8-adfda842f2ae,0a9da1c0-3bf0-4c57-9cbb-8e02244b9d90
787eca1b-aca6-448d-a0cb-271e6f374b90,2025-01-10,998.22,d47dfffb-eff8-4352-989a-13c85776e406,821ca976-179a-4fd9-884c-007a80ccc4f9
ea490d49-fcc5-4743-be5a-9bd11428b496,2025-01-11,712.93,4b90f3b1-5ee8-4643-9b2a-00c8257220c7,803d5219-7ffb-4c90-b838-9f83389abf7d
7d0896c5-e223-4eaa-95f9-38dd7d7e9c3b,2024-06-07,918.59,f4d4c771-394f-41d7-b500-538cc2c4c8ba,5e3faa0b-0cea-495d-987a-5ab29bb88562
b1e36ec7-d47d-45eb-a241-556a3584f08d,2025-02-26,467.39,187a68d2-8bdc-4aa2-9d24-396039095a18,ded7e6e0-45d8-4815-be3d-63cb78210dd5
00e33ad8-b09d-45d4-a6e8-31ef15ea7c1a,2024-04-21,239.36,435d085e-4104-4c31-9e1a-06c79a14cd46,13ebe60b-531e-4242-9218-cc2ff7323164
6fdd36f2-a99d-4b87-8200-62ceeae2a2a7,2024-10-06,988.95,cc461394-91aa-4e06-96bf-8887626fda8b,fde36c39-8080-42df-8b95-78e003911eb3
fe6ead01-6933-48b9-94b7-fc7d783bd971,2024-07-02,284.66,c620c81c-aef2-45af-9906-0bc7f2f5781e,6b4d603a-2796-498e-bf13-72c6a84e24f8
8fea727d-49fc-4a57-a517-4ce9beb6e0c1,2024-12-07,553.24,09fa8473-0291-4bcd-9181-31b6d81528c3,5e53fd51-c788-4b87-936f-2d45908df6e2
30472385-4c9f-442d-8a4a-3003828d8534,2024-10-15,437.16,f528d2dd-4e9c-4e42-ba64-e917c254bb66,1f983985-6fca-44d9-9c38-d9e4fb8d0a8f
2c14a013-e2b2-4269-b390-3273ffc3d9d2,2025-03-01,982.16,63867fd2-bebb-43cb-8662-637736275748,73593410-54c4-419e-a457-6be4055c12c4
f017c5e8-61b6-4220-8359-4cb088bfd7e8,2024-08-15,209.86,67b721cd-69b8-4082-a1c4-6f8c7e0e4af8,c4c2c27c-31bc-4e89-b700-5e7d5044a278
7ccce9cd-d819-42ca-bfb3-6c68f9f0335c,2024-11-21,723.9,1e2aa821-08d1-412d-bef2-18b57cd51646,f1f6b62d-6eaa-4525-b74a-23f0c9b5bf6b
1ef763d9-2e2c-430e-b9b3-e30f47881526,2024-08-12,63.34,7d698305-da5d-422f-bd13-8b55a4074026,94aad9b4-ee10-44de-8e0c-f7178fdff492
c27eef5a-37ff-4e50-bb80-62eadec6f7c2,2024-09-01,252.44,b82f6358-c8a4-42b0-8b78-fb7cb941b05a,8db46ac8-42a9-4730-809e-5a27080eb9bb
e694d61c-9306-4075-b261-c13e665ef621,2024-05-15,357.65,2a798e6b-112b-4454-81c1-f1d2cd272537,0cdf751a-dc34-42f8-974a-796a93a743de
58efcc2c-5ae1-457e-a195-b3dad46d10ee,2024-04-20,88.45,0b62a5ed-fe00-4f94-aacc-1fdacabf0059,5e53fd51-c788-4b87-936f-2d45908df6e2
706f07c0-89cc-4174-a44a-4298c1289984,2025-03-07,282.09,10d9f329-ae7a-402c-88d6-4f9d77b3a1e3,8d68dee0-0523-4833-80ee-d6850737ac1c
16a94dcd-e068-4a8d-bf09-2af86fa7cc71,2025-01-26,530.91,22d028a7-4eef-4341-a464-4315d4e86a8c,362cbb50-9049-41d0-8099-c4b51d4086f7
c80da255-b920-4248-ae9b-5a8979401d07,2024-04-12,391.79,da5d8214-8da1-4f7e-a811-deb0385a23f9,f1f6b62d-6eaa-4525-b74a-23f0c9b5bf6b
efb434ff-f084-410f-8ae1-05c336d0b275,2025-01-04,652.87,63867fd2-bebb-43cb-8662-637736275748,803d5219-7ffb-4c90-b838-9f83389abf7d
d8dae5f1-55c7-4ad6-a810-0277dcfef37b,2024-06-27,250.59,13d28206-4847-4299-99e9-ce32dca35b19,a7d023a0-22e7-4f0f-a5fb-294bfbe8e3fd
85004b9f-49ae-49b9-8fa9-37a09bd71c7c,2024-03-08,135.63,187a68d2-8bdc-4aa2-9d24-396039095a18,8d68dee0-0523-4833-80ee-d6850737ac1c
19527f85-6be4-4929-b55e-f3b25a8b6093,2024-08-02,323.0,bb939d61-981b-4f02-8b25-6006dd43908c,e6c40e82-5afd-4440-b327-de91f373263b
2f61fffa-2a98-4347-b0b1-2407b47e6e2e,2024-07-11,157.56,5a02b634-f1d4-4e7b-8fa4-673856a1f7c1,821ca976-179a-4fd9-884c-007a80ccc4f9
0a0c68f4-7b93-4017-9bf4-ed0d9063cd56,2024-07-18,897.5,17f39078-a52b-439f-a075-dc18834d6b70,727773f5-782b-4e36-bd18-4faa1b1495b6
632ff480-77c4-4820-a8c2-be0da47a530c,2024-06-30,569.24,18e763aa-108a-4021-a60d-c8df7f393f35,e6c40e82-5afd-4440-b327-de91f373263b
9aa0eb62-9124-4bc1-864c-ed21fe375bfc,2025-02-11,282.9,ebb8637f-1ec8-44a3-a05f-1042c1a7f676,5b2afcf3-9c07-4516-bc91-911c82f36f21
fcf7a7bc-02c4-4e8d-96a6-9701045baed2,2024-05-01,615.05,34f623a1-0677-445e-b404-753c47b88cf5,db0e3792-01af-4e7a-8249-14d044ee9b2b
1f44fa3a-86e9-48a8-889a-0c7cd6321b41,2025-02-01,195.32,cc461394-91aa-4e06-96bf-8887626fda8b,3a8ce285-c9f6-47e3-a50d-e7ac6e50a130
f1d47ca3-fcac-406e-8cdb-b885bc27700d,2024-10-17,97.5,dc91beba-5f12-4a6e-84e3-cd6f07fb9512,5e3faa0b-0cea-495d-987a-5ab29bb88562
5aed18df-71d2-474d-b1d5-70f7c8622239,2024-10-01,947.01,588cc74d-3fc6-4040-918c-36340aa18e36,6b4d603a-2796-498e-bf13-72c6a84e24f8
e26ace29-f23f-4179-b4f4-5b524c7dcde1,2024-09-27,818.79,0b62a5ed-fe00-4f94-aacc-1fdacabf0059,661ba140-85ef-4218-9f4e-1831a1c02db0
c2b67ea9-49fb-4b61-ac6f-24cf3e8189fe,2024-04-17,769.5,187a68d2-8bdc-4aa2-9d24-396039095a18,661ba140-85ef-4218-9f4e-1831a1c02db0
73ab2e90-db21-48ac-84b5-e65d76c2f089,2025-02-04,502.08,435d085e-4104-4c31-9e1a-06c79a14cd46,fe1b77d9-fff9-4847-bf40-9d073d319bf3
10f69f4a-db2b-4254-a0af-609df10e2ad3,2025-02-19,169.48,2f77ac22-cab4-4ea6-8a0b-9d6669253f54,803d5219-7ffb-4c90-b838-9f83389abf7d
b3735cd7-a3a9-4fb5-a013-fc35f940645f,2024-11-18,661.63,46d9a976-dad4-4412-bd75-b8b6e4f1f0b6,a0731bd5-9056-45e3-9639-d114e32252e7
8af6b2c8-014d-4597-80c3-7012076fdeea,2025-02-18,737.84,3e6df3c4-1dd5-4dc3-9008-0cda1596c49f,d159c3af-6aee-4237-87ed-79cd72c2ddea
13fe4ca8-22df-44e3-8adb-343a1972a16e,2024-03-12,481.55,10d9f329-ae7a-402c-88d6-4f9d77b3a1e3,94aad9b4-ee10-44de-8e0c-f7178fdff492
df039521-3cce-4366-adef-eb2418472d21,2024-12-09,682.58,7d698305-da5d-422f-bd13-8b55a4074026,56131363-61ec-43a7-9d02-3f8451d8f954
78e627e0-dce7-4483-a9c5-0088b1b33b86,2024-10-22,154.59,992175fb-7e5a-4479-8938-5247bd7a4949,a7d023a0-22e7-4f0f-a5fb-294bfbe8e3fd
e40f0ac0-94b5-42ff-abf3-99149ceaf671,2024-03-13,207.77,992175fb-7e5a-4479-8938-5247bd7a4949,73e2446b-7a3b-4f40-9169-5d0189fd52da
a56ecdf4-2f48-45f9-94de-c97d439c9ef6,2024-08-07,816.85,c6ee774d-b162-40a8-955e-ef2f204bc597,661ba140-85ef-4218-9f4e-1831a1c02db0
28df83b4-0db9-451c-a5fb-e276e02727bd,2024-03-14,784.39,09fa8473-0291-4bcd-9181-31b6d81528c3,6b4d603a-2796-498e-bf13-72c6a84e24f8
b439b6d1-39d6-4994-9a4d-a6782eaca5c0,2025-01-13,30.15,f554e890-21aa-403d-a3e1-fbeba281e33b,e6c40e82-5afd-4440-b327-de91f373263b
6e3682d9-e5ab-41d8-b36d-e6dde1b3e507,2024-09-15,793.57,6cb3bb2f-c015-4e1f-a14a-747b6147c906,f1f6b62d-6eaa-4525-b74a-23f0c9b5bf6b
5dd8ccd8-ad6b-4872-9803-ce7d08abc38e,2024-12-04,640.46,f39c5ae4-88ee-4215-aaa6-1bbbfd22400f,0f280cf2-138b-4c35-9bd6-b428184b7472
